author;title;publish;CDU;cluster
Maya, Raymundo Ottoni de Castro,;A Floresta da Tijuca ;Rio de Janeiro Bloch 1967, [isto é 1966];918.153 MAYA-RO FLORE;3
Oldendourg, Zoe,;As cruzadas ;Rio de Janeiro Civilização Brasileira 1968;940.1 OLDEN-Z CRUZA;3
Schmieder, Oscar,;Geografia de América Latina ;México Fondo de Cultura Económica 1965;917/918 SCHMI-O GEOGR;3
Palomeque Torres, Antonio,;Geografía económica ;Barcelona R. Sopena 1964;911.3:33 PALOM-A GEOGR;3
George, Pierre,;Geografia da população ;São Paulo Difusão Européia do Livro 1969;911.3 GEORG-P GEOGR;3
Fels, Edwin,;El hombre economizante como estructurador de la tierra ;Barcelona Omega 1955;911.3:33 FELS-E HOMBR;3
Luz, Nicia Vilela;A Amazônia para os negros americanos ;Rio de Janeiro Saga 1968;981.1 LUZ-NV AMAZO;3
Gornoung, M,;Géographie économique du monde ;Moscou Ed. du Progrès [196-?];911.3:33 GORNO-M GEOGR;3
Mccarty, Harold Hull,;A preface to economic geography ;Englewood Cliffs Prentice-Hall [1966];911.3:33 MACCA-HH PREFA;3
;Geografia humana nos Estados Unidos ;Rio de Janeiro Forum 1970;911.3(73) GEOGR-HE GEOGR;3
;O mundo da arqueologia ;São Paulo Melhoramentos 1970;902 MUNDO-AP MUNDO;3
Crozier, Brian;South-east asia in turmoil ;London Penguin Books 1965;959 CROZI-B SOUTH;3
Góes, Raul de,;Um sueco emigra para o Nordeste ;Rio de Janeiro J. Olympio 1964;929 LUNDG-HT GOES 2.ED.;3
Gomes, Horieste,;Introdução à geografia de Goiás (a terra) ;São Paulo O Calvario 1966;911.2(817.3) GOMES-H INTRO;3
Lobo, Roberto Jorge Haddock,;Geografia economica ;São Paulo Atlas 1966;911.3:33 LOBO-RJ GEOGR 2.ED.;3
Fitzgerald, Walter,;África ;Barcelona Omega 1958;916 FITZG-W AFRIC 2.ED.;3
Freyre, Gilberto,;Nordeste ;Rio de Janeiro J. Olympio 1967;981.019 FREYR-G NORDE 4.ED.;3
Moodie, A E;Geografia e política ;Rio de Janeiro Zahar 1965;911.3:32 MOODI-AE GEOGR;3
Nossal, Frederick,;Pequim ;Juiz de Fora Sociedade Propagadora Esdeva 1966;910.4(510) NOSSA-F PEQUI;3
Amado, Gilberto,;Mocidade no Rio e primeira viagem a Europa ;Rio de Janeiro J. Olympio 1958;929 AMADO-G AMADO MOCID 2.ED.;3
Coaracy, Vivaldo,;O Rio de Janeiro no século dezessete ;Rio de Janeiro J. Olympio 1965;981.53 COARA-V RIODE 2.ED.;3
Bruno, Ernani Silva,;Viagem ao país dos paulistas ;Rio de Janeiro Livraria José Olympio Editora 1966;981(082.1) DOCUM-BR DOCUM V.123;3
Tocantins, Leandro,;Amazonia ;Rio de Janeiro Conquista 1960;981.1 TOCAN-L AMAZO;3
Tocantins, Leandro,;O rio comanda a vida ;Rio de Janeiro Record 1968;918.11 TOCAN-L RIOCO 3.ED.;3
Brunhes, Jean,;Geografia humana ;Barcelona Juventud 1955;911.3 BRUNH-J GEOGR 2.ED.;3
;Nueva geografia Marin;Barcelona Marin 1964-1967;911 NUEVA-GM NUEVA;3
Marques, Manuel Eufrásio de Azevedo,;Apontamentos históricos, geográficos, biográficos, estatísticos e noticiosos da província de S;São Paulo Martins 1952;981.56 MARQU-ME APONT;3
Banciella y Bárzana, José César;Espacio y economía ;Madrid Instituto de Estudios Políticos 1945;911.3:33 BANCI-JC ESPAC;3
Broek, Jan Otto Marius,;Iniciação ao estudo da geografia ;Rio de Janeiro Zahar 1967;91 BROEK-JO INICI;3
Durdin, Tillman,;O drama do Sudeste Asiático ;Rio de Janeiro Record 1967;959 DURDI T DRAMA;3
Boyd, Andrew,;An atlas of african affairs ;New York F. a. Praeger 1962;916 BOYD-AK ATLAS;3
Mendonça, Marcos Carneiro de,;A Amazônia na era pombalina ;Rio de Janeiro Instituto Histórico e Geográfico Brasileiro 1963;981.1 MENDO-MC AMAZO;3
Case, Earl Clark,;Geografia general regional y economica ;Barcelona Omega 1952;910 CASE-EC GEOGR;3
Castro Carvalho, Euclides de,;África contemporânea ;São Paulo Biblos 1962;916 CASTR-E AFRIC;3
Cruls, Gastão,;Hiléia amazônica ;Rio de Janeiro J. Olympio 1958;981(082.1) DOCUM-BR DOCUM 3.ED. V.101;3
Pereira, Osny Duarte,;Desnacionalização da Amazônia ;São Paulo Fulgor 1958;981.1 PEREI-OD DESNA;3
Ferreira Filho, Cosme,;Amazônia em novas dimensões ;[Rio de Janeiro] Conquista [1961?];908(811) FERRE-C AMAZO;3
Free China Review;Maos land of slaves;Taipei [Editora não identificada] 1959;951 MAOSL-S MAOSL;3
Fisher, William Bayne,;El Oriente Medio ;Barcelona Omega 1952;915-15 FISHE-WB ORIEN;3
Girão, Raimundo,;Geografia estética de Fortaleza ;Fortaleza Imprensa Universitária do Ceará 1959;918.131 GIRÃO-R GEOGR;3
Klimm, Lester Earl,;Introductory economic geography ;New York Harcourt, Brace [1956];911.3:33 KLIMM-LE INTRO 3.ED.;3
;Geoeconovias ;São Paulo Tip. Liv. Brasil 1959;918.1(03) GEOEC GEOEC;3
Saint-Blanquat, Odon de,;O problema das transferências nos arquivos das grandes cidades ;Rio de Janeiro Arquivo Nacional 1960;930.25 SAINT-O PROBL;3
Studart Filho, Carlos,;Fundamentos geográficos e históricos do Estado do Maranhão e Grão Pará (com breve estudo sobre;Rio de Janeiro Biblioteca do Exército 1959;981.21 STUDA-C FUNDA;3
Lebon, J H G;Introdução à geografia humana ;Rio de Janeiro Zahar 1970;911.3 LEBON-JH INTRO 2.ED.;3
George, Pierre,;Geografia da URSS ;São Paulo Difusão Europeia do Livro 1970;914.7 GEORG-P GEOGR;3
Zelinsky, Wilbur,;Introdução à geografia da população ;Rio de Janeiro Zahar 1969;911.3:312 ZELIN-W INTRO;3
George, Pierre,;Geografia de italia ;Bilbao Moreton [196-?];914.50 GEORG-P GEOGR;3
Pereira, Baptista,;Figuras do Império e outros ensaios ;São Paulo Companhia Editora Nacional 1934;981(082.1) BRASI BRASI 2.ED.;3
Coe, Michael D,;O Mexico ;Lisboa Verbo 1970;930.85 HISTO-M HISTO;3
Sampaio, Alberto José de,;Biogeographia dynamica ;São Paulo Companhia Editora Nacional 1935;981(082.1) BRASI BRASI;3
Saint-Hilaire, Auguste de,;Viagem às nascentes do Rio S Francisco e pela Provincia de Goyaz ;São Paulo Companhia Editora Nacional 1937-1944;981(082.1) BRASI BRASI;3
Saint-Hilaire, Auguste de,;Viagem a provincia de Santa Catharina, 1820 ;São Paulo Companhia Editora Nacional 1936;981(082.1) BRASI BRASI;3
Clozier, Rene,;Alemania y Estados Alpinos ;Bilbao Moreton 1968;914.30 CLOZI-R ALEMA;3
Vasconcelos Sobrinho, João de,;As regiões naturais do Nordeste, o meio e a civilização ;Recife Conselho do Desenvolvimento de Pernambuco 1970;918.12/.13 VASCO-J REGIÕ;3
Ellis Junior, Alfredo,;Os primeiros troncos paulistas e o cruzamento euro-americano ;São Paulo Companhia Editora Nacional 1936;981(082.1) BRASI BRASI;3
Carvalho, Orlando Magalhães,;O rio da unidade nacional ;São Paulo Companhia Editora Nacional 1937;981(082.1) BRASI BRASI;3
Morais, Raimundo,;Na planície amazônica ;São Paulo Companhia Editora Nacional 1939;981(082.1) BRASI BRASI 5.ED.;3
Pinto, Estevão,;Os indígenas do nordeste ;São Paulo Companhia Editora Nacional 1935-1938;981(082.1) BRASI BRASI;3
Barreiros, Eduardo Canabrava,;Itinerario da independência ;Rio de Janeiro J. Olympio 1972;981(082.1) DOCUM-BR DOCUM V.151;3
Figueiredo, José de Lima,;Oeste paranaense ;São Paulo Companhia Editora Nacional 1937;981(082.1) BRASI BRASI;3
Eu, Luis Filipe Maria Fernando Gastão de Orleans,;Viagem militar ao Rio Grande do Sul ;São Paulo Companhia Editora Nacional 1936;981(082.1) BRASI BRASI;3
Zapatero Gargallo, Victoriano,;Geografía económica universal en cuadros esquematicos ;Madrid Epesa 1971;911.3:33 ZAPAT-V GEOGR;3
Leitão, Candido de Mello,;Visitantes do primeiro Império ;São Paulo Companhia Editora Nacional 1934;981(082.1) BRASI BRASI;3
Magalhães, Couto de,;Viagem ao Araguaya ;São Paulo Companhia Editora Nacional 1938;981(082.1) BRASI BRASI 4.ED.;3
Andrade, Rodrigo M F de;Rio Branco e Gastão da Cunha ;Rio de Janeiro Instituto Rio Branco 1953;929 RIOBR-JM ANDRA;3
Veríssimo, José,;Estudos amazônicos ;[Belém] Universidade Federal do Pará 1970;918.11 VERIS-J ESTUD;3
Fustel de Coulanges,;A cidade antiga ;Lisboa Livraria Clássica 1971;937/938 FUSTE CIDAD 10.ED.;3
Bastos, A C Tavares;A provincia ;São Paulo Companhia Editora Nacional 1937;981(082.1) BRASI BRASI 2.ED.;3
;The horizon history of Africa ;New York American Heritage Pub. 1971;96 HORIZ-HA HORIZ;3
Rondon, Frederico Augusto;Na Rondônia ocidental ;São Paulo Companhia Editora Nacional 1938;981(082.1) BRASI BRASI;3
Medeiros, Fernando Saboia de,;A liberdade de navegação do Amazonas ;São Paulo Ed. Nacional 1938;981(082.1) BRASI BRASI;3
Saint-Hilaire, Auguste de,;Viagem pelas provincias de Rio de Janeiro e Minas Geraes ;São Paulo Companhia Editora Nacional 1938;981(082.1) BRASI BRASI;3
Dodt, Gustavo Luis Guilherme,;Descripção dos rios Parnahyba e Gurupy ;São Paulo Companhia Editora Nacional 1939;981(082.1) BRASI BRASI;3
Cruls, Gastão,;A Amazonia que eu vi ;São Paulo Companhia Editora Nacional 1938;981(082.1) BRASI BRASI 2.ED.;3
Costa, Angyone,;Migrações e cultura indigena ;São Paulo Companhia Editora Nacional 1939;981(082.1) BRASI BRASI;3
Saint-Hilaire, Auguste de,;Viagem ao Rio Grande do Sul, 1820-1821 ;São Paulo Companhia Editora Nacional 1939;981(082.1) BRASI BRASI V.167 2.ED.;3
Saint-Hilaire, Auguste de,;Viagem pelas províncias do Rio de Janeiro e Minas Gerais ;Belo Horizonte Itatiaia 1975;918.153 SAINT-A VIAGE;3
Rocha, Geraldo,;O rio São Francisco ;São Paulo Ed. Nacional 1946;981(082.1) BRASI BRASI 2.ED.;3
Silveira Netto,;Do Guairá aos saltos do Iguassú ;São Paulo Companhia Editora Nacional 1939;981(082.1) BRASI BRASI 2.ED;3
Schmidt, Wilhelm,;Ethnologia sul-americana ;São Paulo Companhia Editora Nacional 1942;981(082.1) BRASI BRASI;3
Mota, Otoniel,;Do rancho ao palacio ;São Paulo Companhia Editora Nacional 1941;981(082.1) BRASI BRASI;3
Neiva, Artur,;Estudos da lingua nacional ;São Paulo Companhia Editora Nacional 1940;981(082.1) BRASI BRASI;3
Chisholm, Michael,;Geografia y economia ;Barcelona Oikos-tau 1969;911.3:33 CHISH-M GEOGR;3
Bates, Henry Walter,;O naturalista no rio Amazonas ;São Paulo Companhia Editora Nacional 1944;981(082.1) BRASI BRASI;3
Thevet, André,;Singularidades da França Antarctica, a que outros chamam de América ;São Paulo Companhia Editora Nacional 1944;981(082.1) BRASI BRASI;3
Mauá, Irineu Evangelista de Sousa,;Correspondência política de Mauá no Rio da Prata, 1850-1885 ;São Paulo Comapnhia Editora Nacional 1943;981(082.1) BRASI BRASI;3
Goycochêa, Castilhos,;Fronteiras e fronteiros ;São Paulo Companhia Editora Nacional 1943;981(082.1) BRASI BRASI;3
Pires, Vicente Ferreira;Viagem de áfrica em o reino de Dahomé ;São Paulo Companhia Editora Nacional 1957;981(082.1) BRASI BRASI;3
Moacyr, Primitivo,;A instrução e as provincias ;São Paulo Companhia Editora Nacional 1939-1940;981(082.1) BRASI BRASI;3
Rochefort, Michel,;Geografia da América do Sul ;São Paulo Difusão Europeia do Livro 1968;918 ROCHE-M GEOGR;3
Castro, Eugénio de,;Ensaios de geographia linguistica ;São Paulo Companhia Editora Nacional 1941;981(082.1) BRASI BRASI 2.ED.;3
Sampaio, Alberto José de,;A alimentação sertaneja e do interior da Amazônia ;São Paulo Companhia Editora Nacional 1944;981(082.1) BRASI BRASI;3
Santos, Milton,;Zona do cacau ;São Paulo Companhia Editora Nacional 1957;981(082.1) BRASI BRASI 2.ED.;3
Dornas Filho, João,;O ouro das gerais e a civilização da capitania ;São Paulo Companhia Editora Nacional 1957;981(082.1) BRASI BRASI;3
Carvalho, Orlando Magalhães,;Problemas fundamentaes do municipio ;São Paulo Companhia Editora Nacional 1937;981(082.1) BRASI BRASI;3
Pinto, Estevão,;História de uma estrada-de-ferro do Nordeste ;Rio de Janeiro J. Olympio 1949;981(082.1) DOCUM-BR DOCUM V.61;3
Coaracy, Vivaldo,;Memórias da cidade do Rio de Janeiro ;Rio de Janeiro J. Olympio 1955;981(082.1) DOCUM-BR DOCUM V.88;3
Ferraz, Alvaro,;A morfologia do homem do Nordeste ;Rio de Janeiro Livraria José Olympio Editora 1939;981(082.1) DOCUM-BR DOCUM V.15;3
Menezes, Djacir,;O outro Nordeste ;Rio de Janeiro Livraria José Olympio Editora 1937;981(082.1) DOCUM-BR DOCUM V.5;3
Coaracy, Vivaldo,;O Rio de Janeiro no século 17 ;Rio de Janeiro J. Olympio 1944;981(082.1) DOCUM-BR DOCUM V.39;3
Candido, Antonio,;Os parceiros do rio bonito ;Rio de Janeiro J. Olympio 1964;981(082.1) DOCUM-BR DOCUM V.118;3
Bastos, A C Tavares;Correspondência e catálogo de documentos da coleção da Biblioteca Nacional ;Brasília Senado Federal 1977;929 BASTO-AC CORRE;3
Pereira, Nilo,;Ensaios de história regional ;Recife Universidade Federal de Pernambuco 1972;981.34 PEREI-N ENSAI;3
Cunha, Murillo Alves da,;O novo Rio de Janeiro ;Rio de Janeiro F. Alves 1975;918.153 CUNHA-MA NOVO;3
Sauneron, Serge,;A egiptologia ;São Paulo Difusão Europeia do Livro 1970;962.0 SAUNE-S EGIPT;3
Andrade, Gilberto Osório de,;Alguns aspectos do quadro natural do Nordeste ;Recife Sudene 1977;911.5(812/814) ANDRA-GO ALGUN;3
César, Guilhermino,;História do Rio Grande do Sul ;Porto Alegre Globo 1970;981.65 CESAR-G HISTO;3
Le Bon, Gustave,;A Civilização árabe ;Curitiba Paraná Cultural [196-?];939.4 LEBON-G CIVIL;3
Bojunga, Claudio,;Fronteiras ;São Paulo Alfa-omega 1978;918.1 BOJUN-C FRONT;3
;Mexico ;São Paulo Universidade de São Paulo 1976;930.26 UNIVE-SP MEXIC;3
Souza, Márcio,;A expressão amazonense ;São Paulo Alfa-Omega 1978;981.13 SOUZA-M EXPRE;3
Lopes, Raimundo,;Uma região tropical ;Rio de Janeiro Fon Fon e Seleta 1970;918.121 LOPES-R REGIÃ;3
Vellinho, Moisés de Morais,;Fronteira ;Porto Alegre Globo 1975;981.65 VELLI-M FRONT;3
Richshoffer, Ambrosio,;Diário de um soldado da Companhia das Índias Ocidentais ;São Paulo Ibrasa 1978;981.026 RICHS-A DIARI 2.ED.;3
Malraux, Clara,;La civilizacion del kibbuts ;Barcelona Labor 1968;956.94 MALRA-C CIVIL;3
Santos, Olinto Rodrigues dos,;Guia da cidade de Tiradentes, antiga Vila de São José do Rio das Mortes ;Belo Horizonte Imprensa Oficial 1977;918.151 SANTO-OR GUIA;3
Valle, Álvaro,;Suecia e outros assuntos ;Rio de Janeiro Laudes 1968;914.85 VALLE-A SUECI;3
Serrão, Joaquim Veríssimo,;O Rio de Janeiro no século XVI ;Lisboa Comissão Nacional das Comemorações do IV Centenário do Rio de Janeiro 1965;981.53 SERRÃ-JV RIODE;3
George, Pierre,;Geografia agrícola do mundo ;São Paulo Difusão Européia do Livro 1972;911.3:63 GEORG-P GEOGR;3
;Colonial travelers in Latin America ;New York A. A. Knopf [1972];910.4(8=6) COLON-TL COLON;3
Cupello, Francisco,;Memórias de um imigrante ;Rio de Janeiro Vecchi 1973;929 CUPEL-F MEMOR;3
Assis, Kleber Borges de;O rio que não é rio ;Porto Alegre Globo 1960;918.165 ASSIS-KB RIO;3
Lima, Rubens Rodrigues;A conquista da Amazônia ;Belém Faculdade de Ciências Agrárias do Pará 1973;981.1 LIMA-RR CONQU;3
Hanke, Lewis,;Mexico and the Caribbean ;Princeton D. Van Nostrand [1959];972 HANKE-L MEXIC;3
Santos, Milton,;O Trabalho do geografo no terceiro mundo ;São Paulo Hucitec 1978;91 SANTO-M TRABA;3
Petrovich, Enélio Lima,;Os arquitetos da história do Rio Grande do Norte ;Rio de Janeiro Pongetti 1971;981.32 PETRO-EL ARQUI;3
;Benito Juarez y su proyeccion continental;México Direccion General de Prensa, Memoria, Bibliotecas Y Publicaciones 1962;929 BENIT-J BENIT;3
;Tendências atuais na geografia urbano-regional ;Rio de Janeiro Ibge 1978;911.3:711.4 TENDE-AG TENDE;3
Siegfried, André,;Tableau des États-Unis ;Paris A. Colin 1954;917.3 SIEGF-A TABLE;3
Tschudi, J J von;Viagem às províncias do Rio de Janeiro e S Paulo ;São Paulo Martins 1953;918.153 TSCHU-JJ VIAGE;3
Weigert, Hans Werner,;Geopolitica ;México Fondo de Cultura Económica 1943;911.3:32 WEIGE-HW GEOPO;3
Konzelmann, Gerhard,;O Canal de Suez ;São Paulo Melhoramentos 1977;962 KONZE-G CANAL;3
Lavradio, Luís de Almeida Soares Portugal Alarcão Eça Melo Silva e Marcarenhas,;Cartas do Rio de Janeiro, 1769-1776 ;Rio de Janeiro Arquivo Nacional 1975-;981.034(093) LAVRA-LA CARTA;3
Chung, Chi;Geografia de China ;Pekin Ed. en Lenguas Extranjeras 1978;915.10 CHUNG-C GEOGR;3
Andrade, Theophilo de,;O Rio Paraná no roteiro da marcha para o oeste ;Rio de Janeiro Pongetti 1941;918.1 ANDRA-T RIO;3
Brasil;Archivo diplomatico da Independencia;Rio de Janeiro Typ. Fluminense 1922-1925;981.04 ARCHI-DI ARCHI;3
Bryce, James,;South America ;London Macmillan 1912;918 BRYCE-JB SOUTH;3
Mccarty, Harold Hull,;Introduccion a la geografía económica ;México Fondo de Cultura Económica 1970;911.3:33 MACCA-HH INTRO;3
Lutgens, Rudolf,;Los fundamentos geográficos y los problemas de la vida económica ;Barcelona Omega [1954];911.3:33 LUTGE-R FUNDA;3
Brandão, A J Costa;Almanach da provincia de Goyaz ;Goiania Universidade Federal de Goias 1978;981.73 BRAND-AJ ALMAN;3
Mattos, Carlos de Meira,;Uma geopolítica pan-amazônica ;Rio de Janeiro Biblioteca do Exército 1980;911.3:32(811) MATTO CM GEOPO;3
Brossard, Paulo,;Pontes de Miranda ;Brasília Senado Federal, Centro Gráfico 1980;929 MIRAN-P BROSS;3
Santos, Milton,;Espaço e sociedade ;Petrópolis Vozes 1979;911.3 SANTO-M ESPAÇ;3
Gómez Rueda, Héctor O,;Teoría y doctrina de la geopolítica ;Buenos Aires Astrea 1977;911.3:32 GOMEZ-HO TEORI;3
Ribeiro, Mozarth;O suburbano ;Rio de Janeiro Potengy 1978;918.153 RIBEI-M SUBUR;3
;Regionalismo e centralização política ;Rio de Janeiro Nova Fronteira 1980;981.08 REGIO-CP REGIO;3
Saint-Hilaire, Auguste de,;Segunda viagem do Rio de Janeiro a Minas Geraes e a São Paulo, 1822 ;São Paulo Companhia Editora Nacional 1938;981(082.1) BRASI BRASI 2.ED.;3
Wanderley, Alberto,;Estudos de geografia economica ;Belo Horizonte Universidade de Minas Gerais 1959;911.3:33 WANDE-A ESTUD;3
Castro, Therezinha de,;Africa ;Rio de Janeiro Biblioteca do Exercito 1981;96 CASTR-T AFRIC BIBLI;3
Chiavenatto, Júlio José,;Geopolítica, arma do fascismo ;São Paulo Global 1981;911.3:32 CHIAV-JJ GEOPO;3
Becker, Bertha,;Geopolitica da amazonia ;Rio de Janeiro Zahar 1982;911.3:32(811) BECKE-BK GEOPO;3
George, Pierre,;Geografia rural ;São Paulo Difel 1982;911.3:63 GEORG-P GEOGR RURAL;3
George, Pierre,;Geografia industrial do mundo ;São Paulo Difel 1979;911.3:33 GEORG-P GEOGR;3
Castro, Therezinha de,;Africa, geohistoria, geopolitica e relações internacionais ;Rio de Janeiro Freitas Bastos 1979;96 CASTR-T AFRIC;3
Albuquerque, Mario Marcondes de;Pelos caminhos do sul ;Curitiba Imprensa Oficial 1978;981.6 ALBUQ-MM PELOS;3
Linhares, Maria Yedda Leite,;O Oriente medio e o mundo dos arabes ;São Paulo Brasiliense 1982;953-11 LINHA-MY ORIEN;3
Spidtchenko, K,;Geografia económica do mundo ;Moscovo Progresso 1980;911.3:33 SPIDT-K GEORG 2.ED.;3
Tocantins, Leandro,;Amazonia - natureza, homem e tempo ;Rio de Janeiro Biblioteca do Exército 1982;981.12/.13 TOCAN-L AMAZO 2. ED.;3
Rodrigues, José Honório,;A situação do Arquivo Nacional ;Rio de Janeiro Ministerio da Justiça e Negocios Interiores 1959;930.25(81) RODRI-JH SITUA;3
;Danish in the south and the north ;Copenhagen Danish Ministry of Foreign Affairs 1981;914.89 DANIS-SN DANIS;3
Boscovich, Nicolás;Geoestrategia de la cuenca del Plata ;Buenos Aires El Cid 1979;911.3:32(282.281.6) BOSCO-N GEOES;3
;A área centro-ocidental do Nordeste ;Recife Sudene 1982;911.3:33(812/813) AREA-CO AREA;3
Guglialmelli, Juan E,;Geopolítica del Cono Sur ;Buenos Aires El Cid 1979;911.3:32(8) GUGLI-JE GEOPO;3
Gessi, Leon,;La ciudad del vaticano ;Roma La Libreria Dello Stato 1963;945.631 GESSI-L CIUDA;3
Prado Júnior, Caio,;A Cidade de são paulo ;São Paulo Brasiliense 1983;918.161.1 PRADO-C CIDAD 13.ED.;3
Carvalho, Euclides de Castro,;Africa contemporânea ;São Paulo Biblos 1963;916 CASTR-E AFRIC 2.ED.;3
Cardozo, Efraím,;Paraguay independiente ;Barcelona Salvat 1949;989.2 CARDO-E PARAG;3
Rubio Esteban, Julián María,;Exploración y conquista del Río de la Plata ;Barcelona Salvat 1942;98 RUBIO JM EXPLO;3
Smailes, Arthur E;The geography of towns ;London Hutchinson University Library 1966;911.3:711.4 SMAIL-AE GEOGR 5.ED.;3
Coelho, Aristides Pinto,;Nos confins dos três mares  a Antártida ;Rio de Janeiro Biblioteca do Exército 1983;910.4(99) COELH-AP NOSCO;3
Muller, S;Manual for the arrangement and description of archives ;New York H.W. Wilson 1940;930.251 MULLE-S MANUA;3
Silveira, Rosa Maria Godoy;O regionalismo nordestino ;São Paulo Moderna 1984;981.2/.4 SILVE-RM REGIO;3
Camargo, Aspásia,;O Nordeste e a política ;Rio de Janeiro Nova Fronteira 1984;929 ALMEI-JA CAMAR;3
Mattos, Carlos de Meira,;Geopolítica e trópicos ;Rio de Janeiro Biblioteca do Exercito 1984;911.3:32 MATTO-CM GEOPO;3
Avé-Lallemant, Robert,;Viagens pelas províncias da Bahia, Pernambuco, Alagoas e Sergipe ;Belo Horizonte Itatiaia 1980;918.1 AVELA-RC VIAGE;3
Diniz, José Alexandre Felizola,;Geografia da agricultura ;São Paulo Difel 1984;911.3:63 DINIZ-JA GEOGR;3
Avé-Lallemant, Robert,;No Rio Amazonas ;Belo Horizonte Itatiaia 1980;918.11 AVELA-R RIO;3
Crandall, Roderic,;Geografia, geologia, suprimento dágua, transportes e açudagem nos estados orientais do norte do B;Mossoro Fundação Guimarães Duque 1982;918.12/.14 CRAND-R GEOGR 4. ED.;3
Lenharo, Alcir,;Crise e mudança na frente oeste de colonização ;Cuiaba Universidade Federal de Mato Grosso 1982;981.72 LENHA-A CRISE;3
Belchior, Elysio de Oliveira,;Conquistadores e povoadores do Rio de Janeiro ;Rio de Janeiro Liv. Brasiliana 1965;981.53 BELCH-EO CONQUI;3
Dantas, J Garibaldi;Geographia economica do rio grande do norte ;Mossoro Escola Superior de Agricultura 1979;911.3:33(813.2) DANTA-JG GEOGR;3
Azevedo, Guiomar Goulart de;Geografia do mundo moderno ;São Paulo Atual 1982;913/919 AZEVE-GG GEOGR;3
Miranda, Bertino de,;A Cidade de manaus ;Manaus U. Calderaro 1984;981.13 MIRAN-B CIDAD;3
Cascudo, Luís da Câmara,;História da Cidade do Natal ;Rio de Janeiro Civilização Brasileira 1980;981.321 CASCU-LC HISTO 2.ED.;3
Grütter, Wilhelm;The story of South Africa ;Cape Town Human and Rousseau 1981;968 GRUTT-W STORY;3
Tosta, Octávio,;Teorias geopolíticas ;Rio de Janeiro Biblioteca do Exército 1984;911.3:32 TOSTA-O TEORI;3
Amazonas, Lourenço da Silva Araújo e,;Dicionario topografico, historico, descritivo da comarca do alto amazonas ;Manaus Grafima 1984;908(811.3)(03) AMAZO-LS DICIO;3
;O Globo expedicionário ;Rio de Janeiro Ag. Globo [1985?];940.53(81) GLOBO-E GLOBO;3
Avellini, Luisa,;Lemilia-romagna, una regione ;Bologna Zanichelli 1980;914.54 AVELL-L EMILI;3
Nobre, Fernando,;As fronteiras do sul ;São Paulo Monteiro Lobato 1922;981 NOBRE F FRONT;3
Joffily, José,;Porto político ;Rio de Janeiro Civilização Brasileira 1983;981.33 JOFFI-J PORTO;3
Daniel, João,;Tesouro descoberto no Rio Amazonas ;Rio de Janeiro Biblioteca Nacional 1976;918.11 DANIE-J TESOU;3
Castro, Luiz Paiva de,;Rio Parahyba ;Rio de Janeiro Civilização Brasileira 1984;981.33 CASTR-LP RIOPA;3
Pessoa, Ruy;A reexploração do Rio Javari ;Brasília Senado Federal [198-?];910.4(811) PESSO-R REEXP;3
Brasil;Relatório da viagem de estudos e observação a Amazônia;Brasília Câmara dos Deputados 1980;910.4(811) BRASI-CC RELAT;3
;Arquivologia ;Rio de Janeiro Associação dos Arquivistas Brasileiros 1979;930.25 ARQUI-TL ARQUI;3
;Codigo de municipios, 1980;Rio de Janeiro Ibg 1980;918.1 CODIG-M CODIG;3
;Tabela de temporalidade de documentos;Brasília Ministerio da Fazenda 1982;930.25 TABEL-TD TABEL;3
;Identificação de documentos em arquivos públicos;Rio de Janeiro Arquivo Nacional 1985;930.25 IDENT-DA IDENT;3
Bulpin, T V;Southern africa ;Cape Town Reader's Digest Association South Africa 1981;916.8 BULPI TV SOUTH 6. ED.;3
;World directory of map collections ;Munchen K. G. Saur 1986;912(057) WORLD-DM WORLD 2.ED.;3
Sousa, Boanerges Lopes de,;Do Rio negro ao Orenoco ;Rio de Janeiro Conselho Nacional de Proteção aos Indios 1959;910.4(282.281.2) SOUSA-BL DORIO;3
Baez, Renato,;Pioneiros e registros ;Corumbá, MS [Editora não identificada] [1982?];981.72 BAEZ-R PIONE;3
Mello, José Antonio Gonsalves de,;Um mascate e o Recife ;Recife Fundação de Cultura Cidade do Recife 1981;929 MATOS-AF MELLO 2.ED.;3
Kant, Immanuel,;Idéia de uma história universal de um ponto de vista cosmopolita ;São Paulo Brasiliense 1986;930.1 KANT-I IDEIA;3
Costa, Nelson,;O Rio através dos séculos ;Rio de Janeiro O Cruzeiro 1965;981.53 COSTA-N RIOAT;3
Holanda, Sergio Buarque de,;Caminhos e fronteiras ;Rio de Janeiro J. Olympio 1957;981(082.1) DOCUM-BR DOCUM V.89;3
Barrère, Jean-Bertrand;Romain Rolland por ele próprio ;Porto Portugália [196-?];929 ROLLA-R BARRE PORTU;3
Sarmiento, Domingo Faustino,;Travels, a selection ;Washington Pan American Union 1963;910.4 SARMI-DF TRAVE;3
Fernandes, Aníbal,;Nabuco cidadão do Recife ;Recife Diario da Manhã 1949;929 NABUC-J FERNA;3
Góes, Raul de,;Um Sueco emigra para o Nordeste ;Rio de Janeiro J. Olympio 1963;929 LUNDG-HT GOES;3
Silva, J Resende;A fronteira do Sul ;Rio de Janeiro Impr. Nacional 1922;918.165 SILVA-JR FRONT;3
Hage, Dionísio,;Pontos da nossa historia ;[Lugar de publicação não identificado] Editora do Brasil [197-?];981.15 HAGE-DJ PONTO;3
Pacheco, Paulo de Souza;Rio do Peixe Branco ;Belo Horizonte Imprensa Oficial 1986;981.512 PACHE-PS RIO;3
Rosenfeld, Paul;Port of new york ;Urbana University of Illinois Press 1966;929(73) ROSEN-P PORT;3
Castro, Josué de,;Ensaios de geografia humana ;São Paulo Brasiliense 1957;911.3 CASTR-J ENSAI;3
Silveira, Peixoto da,;Belo Horizonte e Goiania ;[Goiânia] [Editora não identificada] [1951];981.51 SILVE-P BELO;3
Carvalho, Fernando Rodrigues de;Plano cartográfico nacional ;Brasília Seplan 1984;912(81) CARVA-FR PLANO;3
Schmidt, Norberto,;Observações sobre uma viagem pela Australia e Ásia ;Brasília Camara dos Deputados, Coordenação de Publicações 1977;910.4(94) SCHMI-NH OBSER;3
;Problems of humid tropical regions =;Paris Unesco 1958;914(213) PROBL-HT PROBL;3
;Arqueología de rescate ;Washington, D.C. The Preservation Press [1982];902(7/8)(061.3) CONFE-AR ARQUE;3
Rosado, Vingt-un,;Os Holandeses nas salinas do rio mossoro ;Mossoro Fundação Guimarães Duque 1987;981.32 ROSAD-V HOLAN;3
Renault, Delso,;Rio de Janeiro ;Brasília INL 1978;981.53 RENAU-D RIO;3
Saint-Hilaire, Auguste de,;Viagem ao rio grande do sul ;Porto Alegre Erus 1987;910.4(816.5) SAINT-A VIAGE;3
Kathpalia, Yash Pal;Conservation and restoration of archive materials ;Paris Unesco 1973;930.25 KATHP-YP CONSE;3
;A expedição de Jacques Cousteau na Amazônia ;Rio de Janeiro Record [1984];910.4(811.3) EXPED-JC EXPED;3
Gray, John,;Próximo Oriente ;Lisboa Verbo 1987;95-11 GRAY-J PROXI;3
Guireli Junior, Lourenço;Pelos caminhos de Monte Sião ;Brasília Senado Federal, Centro Gráfico 1987;981.512 GUIRE-L PELOS;3
Ferrez, Gilberto,;O paço da cidade do Rio de Janeiro ;Rio de Janeiro Fundação Nacional Pró-Memória 1985;981.53 FERRE-G PAÇO;3
Mello, José Antonio Gonsalves de,;A rendição dos holandeses no Recife ;Recife Parque Histórico Nacional dos Guararapes 1979;981.026 MELLO-JA RENDI;3
Fustel de Coulanges,;A Cidade antiga ;São Paulo Edameris 1966;937/938 FUSTE CIDAD;3
Distrito Federal (Brasil);Viagens do governador do Distrito Federal ;Brasília Secretaria de Comunicação Social 1988;910.4 DISTR-G VIAGE;3
Santos, Milton,;O Espaço do cidadão ;São Paulo Nobel 1987;911.3 SANTO-M ESPAÇ CIDAD;3
Moraes, Antonio Carlos Robert,;Ideologias geograficas ;São Paulo Hucitec 1988;911.3 MORAE AC IDEOL;3
Moraes, Antonio Carlos Robert,;Geografia critica ;São Paulo Hucitec 1987-;911.3 MORAE-AC GEOGR 2.ED.;3
Mello, Antônio da Silva,;Panoramas norte-americanos ;Rio de Janeiro Civilização Brasileira 1959;917.3 MELLO-AS PANOR;3
Leão, Sonia de Oliveira;Evolução dos padrões de uso do solo agricola na bahia ;Recife Sudene 1987;911.3:63(814.2) LEÃO-SO EVOLU;3
Diniz, José Alexandre Felizola,;O subsistema urbano-regional de Teresina ;Recife Sudene 1987;913(812.2) DINIZ-JA SUBSI;3
Brugalli, Alvino Melquides,;Caxias grande do sul ;Caxias do Sul Universidade de Caxias do Sul 1988;981.65 BRUGA-AM CAXIA;3
Pinto, Estevão,;Os índigenas do Nordeste ;São Paulo Companhia Editora Nacional 1938-;981(082.1) BRASI BRASI;3
Carlos, Ana Fani A;Espaço e indústria ;São Paulo Contexto 1988;911.3:711.4 CARLO-AF ESPAÇ;3
Pereira, Diamantino Alves Correia;Geografia ;São Paulo Atual 1988;911.3 PEREI-DA GEOGR 2.ED.;3
Souza, Itamar de;A Republica velha no rio grande do norte ;Natal [Editora não identificada] 1989;981.32 SOUZA-I REPUB;3
Vasconcelos, Adirson,;As cidades satélites de Brasília ;Brasília Senado Federal, Centro Gráfico 1988;981.74 VASCO-A CIDAD;3
Meira, Silvio A B;Fronteiras setentrionais ;Belo Horizonte Itatiaia 1989;981.16 MEIRA-S FRONT 3.ED.;3
Souto, Ariovaldo Nesso,;Do Guapore aos garimpos do rio Madeira ;Cuiaba Grafica São Benedito 1985;981.72 SOUTO-AN DOGUA;3
Sousa, Boanerges Lopes de,;Índios e explorações geográficas ;Rio de Janeiro Conselho Nacional de Proteção aos Índios 1955;910.4(811) SOUSA-BL INDIO;3
Ricardo, Cassiano,;Marcha para oeste ;Rio de Janeiro J. Olympio 1940;981.028 RICAR-C MARCH;3
Assis, Anatólio Alves de;As Muralhas de Jericó ;Belo Horizonte Imprensa Oficial de Minas Gerais 1989;956.94 ASSIS AA MURAL;3
Rougerie, Gabriel,;Geografia das paisagens ;São Paulo Difusão Européia do Livro 1971;911.2 ROUGE-G GEOGR;3
Diniz, José Alexandre Felizola,;O subsistema urbano-regional de CratoJuazeiro do Norte ;Recife Sudene 1989;918.131 DINIZ-JA SUBSI;3
;Africa meridional ;Rio de Janeiro Consulado Geral da Africa do Sul 1989;916 AFRIC-MD AFRIC;3
;Transposição do rio são francisco ;Recife Ed. Massangana 1989;908(282.281.5) TRANS-RS TRANS;3
Del Picchia, Menotti;A longa viagem ;São Paulo Martins 1970;929 DELPI-M LONGA;3
Ribeiro, Berta G;Amazônia urgente ;Belo Horizonte Itatiaia 1990;981.1 RIBEI-BG AMAZO;3
;A Republica na velha provincia ;Rio de Janeiro Rio Fundo Ed. 1989;981.53 REPUB-VP REPUB;3
Magnoli, Demétrio,;O que e geopolitica ;São Paulo Brasiliense 1988;911.3:32 MAGNO-D QUE 2.ED.;3
Andrade, Manuel Correia de,;O Nordeste e a questão regional ;São Paulo Atica 1988;908(812/813) ANDRA-MC NORDE;3
Bento, Claudio Moreira,;Autoria dos simbolos do Rio Grande do Sul ;Recife Universidade Federal Rural de Pernambuco 1971;929.6(816.5) BENTO-CM AUTOR;3
George, Pierre,;Geografia dos estados unidos ;Campinas Papirus 1990;917.3 GEORG-P GEOGR;3
;Estudo geografico do vale do medio Jequitinhonha ;Belo Horizonte Imprensa Oficial 1960;918.151 ESTUD-GV ESTUD;3
Noronha, Adolfo de Vasconcelos,;Guarulhos, cidade símbolo ;Guarulhos [Editora não identificada] 1960;981.56 NORON-AV GUARU;3
;A visão do Nordeste na perspectiva de Jose Augusto Trindade ;João Pessoa Fundação Casa de José Américo 1990;911.3:33(812/813) VISÃO-DN VISÃO;3
Bristow, David;The scenic splendours of southern Africa ;Cape Town Struik 1988;916.8 BRIST-D SCENI;3
Schama, Simon,;Cidadãos ;São Paulo Companhia das Letras 1989;944 SCHAM-S CIDAD;3
Duarte, Paulo José,;O Atoll das Rocas ;Mossoró [Editora não identificada] 1990;918.1 DUART-PJ ATOLL;3
Said, Edward W,;Orientalismo ;São Paulo Companhia das Letras 1990;95 SAID-EW ORIEN;3
Saramago, José,;Viagem a Portugal ;São Paulo Companhia das Letras 1990;910.4(469) SARAM-J VIAGE;3
Vesentini, José William,;A capital da geopolítica ;São Paulo Ática 1987;918.174 VESEN-JW CAPIT 2.ED.;3
Branco, Samuel Murgel,;O desafio amazônico ;São Paulo Moderna 1989;919.11 BRANC-SM DESAF 7.ED.;3
;A sistematização de arquivos públicos ;Campinas Unicamp 1991;930.251 SISTE-AP SISTE;3
Oliveira, Ney Coe de;Mitos sobre a amazonia ;Rio de Janeiro [Editora não identificada] 1991;918.11 OLIVE-NC MITOS;3
Galvão, Hélio,;Tipos de povoamento rural ;Mossoro [Editora não identificada] 1991;981.32 GALVÃ-H TIPOS;3
Castro, Astréa de Moraes e;Arquivistica - tecnica, arquivologia - ciencia ;Rio de Janeiro Ao Livro Tecnico 1988;930.25 CASTR-AM ARQUI TECNI;3
;Proposta para um programa de modernização dos sistemas arquivísticos dos países latino-americano;Rio de Janeiro Arquivo Nacional 1988;930.25(8=6) PROPO-PM PROPO;3
;Identificação de documentos em arquivos públicos ;Rio de Janeiro Arquivo Nacional 1983;930.25 IDENT-DA IDENT;3
Peralta, Inez Garbuio;O caminho do mar ;Cubatão Prefeitura Municipal de Cubatão 1973;981.56 PERAL-IG CAMIN;3
Senna, Nelson de,;O cinquentenario de Belo Horizonte ;Belo Horizonte Imprensa Oficial do Estado 1948;981.51 SENNA-N CINQU;3
Moideen, P S M;A survey of archives relating to India and located in major repositories in France and Great Britain;Paris Unesco 1983;930.25 MOIDE-PS SURVE;3
Novaes, Manoel,;O Rio São Francisco ;Brasília Senado Federal 1972;91(282.281.5) NOVAE-M RIOSÃ;3
Costa, Wanderley Messias da;Geografia política e geopolitica ;São Paulo Hucitec 1992;911.3:32 COSTA-WM GEOGR;3
;Diagnóstico físico-ambiental da Serra do Mar ;Curitiba Ipardes 1991-;918.62 DIAGN-FS DIAGN;3
Bardos-Feltoronyi, Nicolas;Geo economie ;Bruxelles De Boeck-Wesmael 1991;911.3:32 BARDO-N GEOEC;3
Saxe-Coburgo Gotha e Bragança, Pedro Augusto de,;Trabalhos de mineralogia e numismatica ;São Paulo Martins [19--?];929 SAXE-PA TRABA;3
Ceram, C W,;Historia ilustrada da arqueologia ;São Paulo Melhoramentos 1977;902(091) CERAM-CW HISTO;3
Luz, Sergio Porto da,;As Realidades sobre nossa amazonia ;Brasília Camara dos Deputados, Coordenação de Publicações 1991;911.3:32(811) LUZ-SP REALI;3
Sodré, Nelson Werneck,;Introdução a geografia ;Petropolis Vozes 1989;91 SODRE-NW INTRO 7.ED.;3
Raffestin, Claude,;Por Uma Geografia do poder ;Brasília Atica 1993;911.3:32 RAFFE-C PORUM;3
Ribeiro, Berta G;Amazônia urgent ;Belo Horizonte Itatiaia 1992;981.1 RIBEI-BG AMAZO;3
;Arqueologia nos empreendimentos hidreletricos da eletronorte ;Brasília Eletronorte 1992;902 ARQUE-EH ARQUE;3
;O Novo mapa do mundo ;São Paulo Hucitec 1993;91 NOVO-MM NOVO;3
Vasconcelos, Adirson,;Os pioneiros da construção de Brasília ;Brasília [Editora não identificada] 1992;929:981.74(03) VASCO-A PIONE;3
Mendonça, Francisco;Geografia e meio ambiente ;São Paulo Contexto 1993;91 MENDO-FA GEOGR;3
Britto, Luiz Navarro de,;Política e espaço regional ;São Paulo Nobel 1986;911.3:32 BRITT-LN POLIT;3
Waack, William,;Camaradas ;São Paulo Companhia das Letras 1993;981.082/.083 WAACK-W CAMAR;3
Pernoud, Régine,;Lamerique du sud ;Mantes Petit Mantais 1942;98 PERNO R AMERI;3
Rabelo, Genival,;Ocupação da Amazonia ;Rio de Janeiro Gernasa 1968;981.1 RABEL-G OCUPA;3
Gerson, Brasil,;Historia das ruas do Rio de Janeiro ;Rio de Janeiro Prefeitura do Distrito Federal [19--?];981.53 GERSO-B HISTO;3
Soja, Edward W,;Geografias Pós-Modernas ;Rio de Janeiro J. Zahar 1993;911.3 SOJA-EW GEOGR;3
;Geografia e questão ambiental ;Rio de Janeiro Ibge 1993;911.3(81) GEOGR-QA GEOGR;3
Andrade, Manuel Correia de,;Uma Geografia para o seculo xxi ;Campinas Papirus 1994;91 ANDRA-MC GEOGR;3
Oliver, Roland,;A Experiencia africana ;Rio de Janeiro J. Zahar 1994;96 OLIVE-R EXPER;3
Carlos, Ana Fani A;A (re)produção do espaço urbano ;São Paulo Edusp 1994;911.3:711.4 CARLO-AF REPRO;3
Villas Bôas, Orlando,;A marcha para o oeste ;São Paulo Globo 1994;929 VILLA-O MARCH;3
Fragoso, João,;O arcaismo como projeto ;Rio de Janeiro Diadorim 1993;981.02/.03 FRAGO-J ARCAI;3
;Uma Viagem atraves da europa ;Bruxelas Comunidades Europeias, Serviço de Publicações Oficiais 1994;914 VIAGE-AE VIAGE 4.ED.;3
Castro, Mavignier de;Amazônia panteista ;Manaus Ua 1994;918.11 CASTR-M AMAZO 2.ED.;3
Marroquim, Mário,;A Lingua do nordeste ;São Paulo Companhia Editora Nacional 1945;981(082.1) BRASI BRASI 2.ED.;3
Vasconcellos, Diogo Pereira Ribeiro de,;Breve descrição geográfica, física e política da capitania de Minas Gerais ;Belo Horizonte Fundação João Pinheiro 1994;918.151 VASCO-DP BREVE;3
;A Questão epistemologica da pesquisa urbana e regional ;Brasília Unb 1993;911.3:711.4(81) SEMIN- EU QUEST;3
Araújo, Acrísio Tôrres;Geografia de Sergipe ;Aracaju Livraria Regina 1969;918.137 ARAUJ AT GEOGR;3
Bezerra, Antonio,;Descrição da cidade de Fortaleza ;Fortaleza Casa Jose de Alencar 1992;918.131 MENEZ-AB DESCR;3
;Índice de informações cartograficas da região metropolitana do Recife ;Recife Compahia de Pesquisa de Recursos Meinerais 1994;918.134 INDIC-IC INDIC;3
;O Nordeste nos debates da constituinte ;Fortaleza Banco do Nordeste do Brasil 1995;929(812/813) NORDE-DC NORDE;3
Cruz, David;Atravessando fronteiras ;Rio de Janeiro J. Olympio 1995;910.4 CRUZ-D ATRAV;3
Squarisi, Dad,;Plano de classificação ;Brasília Instituto de Desenvolvimento de Recursos Humanos 1980;930.25 SQUAR-DA PLANO;3
Rubio Esteban, Julián María,;Exploracion y conquista del Rio de la Plata ;Barcelona Salvat 1953;98 RUBIO-JM EXPLO REIMPR.;3
Esteve Barba, Francisco;Descubrimiento y conquista de chile ;Barcelona Salvat 1946;983 ESTEV-F DESCU;3
Ballesteros Gaibrois, Manuel,;Descubrimiento y conquista del Peru ;Barcelona Salvat 1963;985 BALLE-M DESCU;3
Rondon, J Lucidio N;Geografia e história de Mato Grosso ;Cuiabá Ed. do Autor 1970-;981.71 RONDO-JL GEOGR;3
Perdigão, Francinete;Migrantes amazonicos ;São Paulo Loyola 1992;981.11 PERDI-F MIGRA;3
Anderson, Perry,;Zona de compromisso ;São Paulo Unesp 1996;930.1 ANDER-P ZONA;3
Lins, Álvaro,;Rio Branco ;São Paulo Alfa Omega 1996;929 RIOBR-JM LINS 3.ED.;3
Magalhães, Couto de,;Viagem ao Araguaia ;Brasília Instituto Nacional do Livro 1975;981(082.1) BRASI BRASI 7.ED.;3
Vilaça, Marcos Vinícios,;Itinerário na corte ;Recife Letras and Artes 1997;929 VILAÇ-MV ITINE;3
;Rio São Francisco ;Petrópolis Vozes 1995;981(082.1) RIO-SF RIO;3
Granet, Marcel,;Chinese civilization ;London Routledge and Kegan Paul 1930;951 GRANE M CHINE;3
Santos, João dos;Ethiopia oriental ;Lisboa Bibliotheca de Classicos Portuguezes 1891;967.9 SANTO-J ETHIO;3
;Relaciones historicas y geograficas de america central;Madrid Suarez 1908;972.8 RELAC-HG RELAC;3
Muriel, Domingo;Historia del Paraguay ;Madrid General de Victoriano Suarez 1919;989.2 MURIE-D HISTO;3
Garay, Blas,;Compendio elemental de historia del Paraguay ;Buenos Aires La Americana Casa Editora 1906;989.2 GARAY-B COMPE;3
Artiaga, Zoroastro,;Geografia economica, historica e descritiva do Estado de Goiaz ;[Lugar de publicação não identificado] Tipografia Triangulo 1951;918.73 ARTIA-Z GEOGR;3
Lombroso-Ferrero, Gina;NellAmerica meridionale ;Milano Fratelli Treves 1908;918 LOMBR-G NELLA;3
Benites Vinueza, Leopoldo,;Argonautas de la selva ;Mexico Fondo de Cultura Economica 1945;97/98 BENIT L ARGON;3
Miranda, Bertino de,;A Cidade de manaos ;Manaos J. Renaud 1908;981.13 MIRAN-B CIDAD;3
Bryce, James,;La america del sud ;Nueva York Macmillan 1914;918 BRYCE-JB AMERI;3
Sarmiento, Domingo Faustino,;Recuerdos de provincia ;Buenos Aires La Cultura Argentina 1916;918.2 SARMI-DF RECUE;3
Martin, Percy Falcke,;Through five republics of south america ;London W. Heinemann 1906;918 MARTI-PF THROU;3
;Gobernacion de Buenos Aires y ejercicio provisional del poder ejecutivo ;Buenos Aires Biblioteca de La Nacion 1912-1913;982 ARCHI-GM ARCHI;3
;Cartas confidenciales de varios ;Buenos Aires Biblioteca de La Nacion 1912;982 ARCHI-GM ARCHI;3
Onffroy de Thoron, Enrique,;Amerique equatoriale ;Paris V. Jules Renouard 1866;97/98 ONFFR E AMERI;3
Goethe, Johann Wolfgang von,;Voyages en suisse et en italie ;Paris Hachette 1878;914.50 GOETH-JW VOYAG;3
Tavares, Maria Yolanda Montenegro;Montenegro ;Fortaleza Imprensa Universitária 1997;929.5 TAVAR-MY MONTE;3
Ianni, Octávio,;O Labirinto latino-americano ;Petropolis Vozes 1993;97/98 IANNI-O LABIR;3
Lamartine, Alphonse de,;Souvenirs, impressions, pensees et paysages pendant un voyage en orient ;Paris Chez L'auteur 1862;910.4 LAMAR-AM SOUVE;3
;Portarias e cartas dos governadores geraes ;Rio de Janeiro Bibliotheca Nacional 1929;981 DOCUM-H DOCUM;3
Bervejillo, Federico;Territorios en la globalizacion, cambio global y estrategias de desarrollo territorial ;Santiago Cepal 1996;911.3:33 BERVE-F TERRI;3
Warden, David Baillie,;Description statistique, historique et politique des etats-unis de lamerique septentrionale ;Paris Chez Rey Et Gravier 1820;917.3 WARDE-DB DESCR;3
Domville-Fife, Charles W;The great states of south america ;Londom G. Bell And Sons 1910;918 DOMVI-CW GREAT;3
Collingridge, George,;The discovery of Australia ;Silverwater Golden Press Pty 1989;994 COLLI-G DISCO;3
Nakata, H,;Geografia geral ;São Paulo Moderna 1986;91 NAKAT-H GEOGR 2.ED.;3
Lamartine, Alphonse de,;Nouveau voyage en orient ;Paris Chez L'auteur 1863;910.4 LAMAR-AM NOUVE;3
Cerqueira, Dionísio,;Reminiscencias da campanha do Paraguay ;Tours Impr. de E. Arrault 1910;981.067 CERQU-D REMIN;3
Bass, George F;Arqueologia subaquatica ;Lisboa Verbo 1971;930.85 HISTO-M HISTO;3
Fagan, Brian M,;Africa austral ;Lisboa Verbo 1972;930.85 HISTO-M HISTO;3
Lacoste, Yves,;A Geografia ;Campinas Papirus 1997;91 LACOS-Y GEOGR 4.ED.;3
;Explorações geograficas ;Rio de Janeiro Bertrand Brasil 1997;91 EXPLO-G EXPLO;3
Ribeiro, Darcy,;America latina nação ;São Paulo Parlamento Latinoamericano 1998;97/98 RIBEI-D AMERI;3
Macedo, Roberto,;Cidade do Rio de Janeiro ;Rio de Janeiro Dasp 1967;981.541 MACED-R CIDAD;3
;Archivo historico portuguez;Lisboa A. Braamcamp Freire 1903-;946.9 ARCHI HP ARCHI;3
Duby, Georges,;Economia rural y vida campesina en el occidente medieval ;Barcelona Peninsula 1973;940.1 DUBY-G ECONO 2.ED.;3
Hanff, Helene,;"84 charing cross road ; A duquesa de Bloomsbury ";Rio de Janeiro Casa-Maria 1988;929 HANFF-H HANFF 2.ED.;3
;4 seculos do rio de janeiro ;Rio de Janeiro Biblioteca Nacional 1965;981.53 QUATR-SR QUATR;3
;Atlas histórico e geográfico do Distrito Federal;Brasília Fundação Educacional do Distrito Federal 1997;912(817.4)(084.4) ATLAS-HG ATLAS;3
Souza, Márcio,;Breve história da Amazônia ;São Paulo Marco Zero [1994?];981.1 SOUZA-M BREVE 2.ED.;3
Duarte, Simone Miranda,;Uma Mulher, um caiaque e o oceano ;Rio de Janeiro Mauad 1995;910.4 DUART-SM MULHE;3
Paxeco, Fran,;Geografia do Maranhão ;São Luiz Tip. Teixeira 1922;911.3:33(812.1) PAXEC-F GEOGR;3
Ramonet, Ignacio,;Geopolitica do caos ;Petropolis Vozes 1998;911.3:32 RAMON-I GEOPO;3
Maurício, Augusto,;Algo do meu velho Rio ;Rio de Janeiro Brasiliana 1966;981.54 MAURI-A ALGO;3
Camerino, J Silveira;Noções de geografia geral do Estado de Alagoas ;Maceio Departamento Estadual de Cultura 1963;918.135 CAMER-JS NOÇÕE;3
Benchimol, Samuel,;Eretz Amazônia ;Manaus [Editora não identificada] 1998;933(811) BENCH-S ERETZ;3
Donati, Donato,;La citta del vaticano ;Padova Cedam 1930-1938;914.563.1 DONAT-D CITTA;3
;Archives de la bastille ;Paris A. Durand 1866;944 ARCHI-BD ARCHI;3
Johnston, Harry Hamilton,;A history of the colonization of Africa by alien races ;Cambridge University Press 1899;96 JOHNS-SH HISTO REIMPR.;3
Evangelista, Helio de Araujo;A Fusão dos estados da guanabara e do rio de janeiro segundo uma perspectiva de analise geografica;Rio de Janeiro Ufrj 1998;911(815.3) EVANG-HA FUSÃO;3
Coutinho, Edilberto,;Rondon e a integração da Amazônica ;São Paulo Arquimedes 1968;929 RONDO-CM COUTI;3
Mattos, Carlos de Meira,;Uma Geopolítica pan-amazônica ;Brasília INL 1980;911.3:32(811) MATTO-CM GEOPO;3
Carlson, Fred A;Geography of latin america ;Englewood Cliffs, Nj Prentice-hall 1964;917/918 CARLS-FA GEOGR 3.ED. 9.IMPR.;3
Wright, G Ernest;Arqueologia bíblica ;Madrid Cristiandad 1975;902:22.08 WRIGH-GE ARQUE;3
Celso, Afonso,;Porque me ufano do meu país ;Rio de Janeiro F. Briguiet 1943;918.1 AFONS-AC PORQU 12.ED.;3
Gottmann, Jean,;Geografia de Europa ;Barcelona Omega [1955];914 GOTTN-J GEOGR;3
Derruau, Max,;Tratado de geografia humana ;Barcelona Vicens-vives 1969;911.3 DERRU-M TRATA 4.ED.;3
Cole, J P;Geografia quantitativa ;Rio de Janeiro Instituto Brasileiro de Geografia 1972;91 COLE-JP GEOGR;3
Clark, David,;Introdução a geografia urbana ;São Paulo Difel 1985;911.3:711.4 CLARK-D INTRO;3
Dollfus, Olivier,;O Espaço geográfico ;São Paulo Difusão Européia do Livro 1972;911.3 DOLLF-O ESPAÇ 1972;3
Johnston, R J;City and society ;Middlesex Penguin Books 1980;911.3:711.4 JOHNS-RJ CITY;3
Bueno, Eduardo,;Naufragos, traficantes e degredados ;Rio de Janeiro Objetiva 1998;981.01 BUENO-E NAUFR;3
;As Denominações urbanas de minas gerais ;Belo Horizonte Cetec/iga 1997;918.151 DENOM-UM DENOM;3
Taunay, Alfredo d'Escragnolle Taunay,;A Retirada da Laguna ;São Paulo Melhoramentos, em Convenio com o Instituto Nacional do Livro 1975;981.067 TAUNA-AE RETIR 18 ED.;3
Li, Hairui;El turismo en China ;[Lugar de publicação não identificado] China Intercontinental Press 1998;915.10 LI-H TURIS;3
Quaini, Massimo,;Marxismo e geografia ;Rio de Janeiro Paz e Terra 1979;91(091) QUAIN-M MARXI;3
Wettstein, K U,;Mit deutschen kolonistenjunge durch den brasilianischen urwald ;Leipzig F. Engelmann [19--?];910.4(81) WETTS-KU MIT 2.ED.;3
Braga, Andrea da Costa;Guia de urbanismo, arquitetura e arte de Brasília ;Brasília Fundação Athos Bulcão 1997;918.174 BRAGA-AC GUIA;3
Hanke, Lewis,;South america ;New York Van Nostrand [1967];918 HANKE-L SOUTH 2.ED.;3
Baranski, N,;Geografia economica de la urss ;Moscu Ediciones En Lenguas Extranjeras 1957;911.3:33(470) BARAN-N GEOGR;3
Andrade, Gilberto Osório de,;Os rios-do-açucar do nordeste oriental ;Recife Instituto Joaquim Nabuco de Pesquisas Sociais 1957-1959;918.1(282.28) ANDRA-GO RIOS;3
Morgan, W B,;Agricultural geography ;London Methuen [1971];911.3:63 MORGA-WB AGRIC;3
Garcia Hijo, Juan Agustin,;La ciudad indiana ;Buenos Aires Angel Estrada y Cía 1900;982 GARCI-JA CIUDA;3
;O almirante e o novo Prometeu ;São Paulo Unesp 1996;929 SILVA-AA ALMIR;3
Bourget, Paul,;Outre-mer ;Paris Plon-Nourrit [19--?]-;917.3 BOURG-P OUTRE;3
Noronha, Eduardo de,;O vulcão da Europa ;Lisboa Classica 1915;940 NORON-E VULCÃ;3
Vicens Vives, Jaime,;Tratado general de geopolitica ;Barcelona Ed. Teide 1950;911.3:32(460) VICEN-J TRATA;3
Barata, Magalhães,;Uma viagem às Guianas ;Rio de Janeiro Impr. Nacional 1944;908(881) BARAT-JM VIAGE;3
;Espaços geograficos e politica espacial ;Recife Sudene 1969;911.3:33(812/813) ESPAÇ-GE ESPAÇ;3
Damiani, Amélia Luísa,;População e geografia ;São Paulo Contexto 1998;911.3 DAMIA-AL POPUL 4.ED.;3
Silva, Lenyra Rique da,;A Natureza contraditoria do espaço geografico ;São Paulo Contexto 1991;911.3 SILVA-LR NATUR;3
;A handbook on North Korea;Seoul Naewoe Press 1998;908(519.3) HANDB-NK HANDB;3
Mackenzie, J M,;A Partilha da africa ;São Paulo Atica 1994;96 MACKE-JM PARTI;3
;Visões do Rio de Janeiro colonial ;Rio de Janeiro Eduerj 1999;918.153 VISÕE-RJ VISÕE;3
;Austria ;Viena Serviço Federal de Imprensa 1998;914.36 AUSTR-FN AUSTR;3
;Les littoraux latino-americains ;Paris Institut Des Hautes Etudes de L'amerique Latine (iheal) 1998;911.3(8=6) LITTO-LA LITTO;3
Claval, Paul,;A geografia cultural ;Florianópolis Ufsc 1999;911.3 CLAVA-P GEOGR;3
Carvalho, José Murilo de,;Pontos e bordados ;Belo Horizonte UFMG 1999;981 CARVA-JM PONTO 1.REIPR.;3
Gomes, Angela de Castro,;Essa gente do Rio  ;Rio de Janeiro Fundação Getulio Vargas 1999;981.53 GOMES-AC ESSA;3
Albuquerque Júnior, Durval Muniz de,;A invenção do Nordeste e outras artes ;Recife Fundação Joaquim Nabuco 1999;981.2/.3 ALBUQ-DM INVEN;3
Puncog, Zhamdu,;Farmers in Tibet ;[Lugar de publicação não identificado] China Intercontinental Press 1998;915.15 PUNCO-Z FARME;3
Liu, Hongji,;Urban residents in Tibet ;[Lugar de publicação não identificado] China Intercontinental Press 1998;915.15 LIU-H URBAN;3
Zhagyai,;Tibetan herdsmen ;[Lugar de publicação não identificado] China Intercontinental Press 1998;915.15 ZHAGY TIBET;3
Reclus, Élisée,;Nouvelle geographie universelle ;Paris Hachette 1882-1894;91 RECLU-E NOUVE;3
Peçanha, Celso,;A Planicie e o horizonte ;Rio de Janeiro Cromos 1999;929 PEÇAN C PLANI 2.ED.;3
;Guangdong today;China Information Office of People's Government of Guangdong Province 1998;915.12 GUANG-T GUANG;3
Lacoste, Yves,;La geographie ;Paris F. Maspero 1976;91:1 LACOS-Y GEOGR;3
Daou, Ana Maria,;A belle époque amazônica ;Rio de Janeiro J. Zahar 2000;981.1 DAOU-AM BELLE;3
Costa, Maria de Fátima;História de um país inexistente ;São Paulo Estação Liberdade 1999;981.72 COSTA-MF HISTO;3
Mello, Leonel Itaussu Almeida;Quem tem medo da geopolítica? ;São Paulo Edusp 1999;911.3:32 MELLO-LI QUEM;3
;Africa South of the Sahara 1980-81;London Europa Publications 1980;908.5 AFRIC-SS AFRIC 10.ED.;3
Barreto, Abílio,;Bello Horizonte ;Bello Horizonte Rex 1936;981.511 BARRE-A BELLO 2.ED.;3
Castro, Therezinha de,;Geopolítica ;Rio de Janeiro Biblioteca do Exército 1999;911.3:32 CASTR-T GEOPO;3
Neiva, Artur,;Viagem científica ;Brasília Senado Federal 1999;918.12/.13 NEIVA-A VIAGE SENAD;3
Calderon de La Barca, Madame;La vida en Mexico ;Mexico Porrua 1978;910.4:32(72) CALDE-M VIDA 5.ED.;3
Drummond, Joaquim Dias,;O passado compassado de Sete Lagoas ;Sete Lagoas A. Cópias 1977;981.51 DRUMM-JD PASSA;3
Santos, Milton,;O Centro da Cidade de Salvador ;Salvador Progresso 1959;918.138 SANTO-M CENTR;3
Birot, Pierre,;Les régions naturelles du globe ;Paris Masson 1970;911.2 BIROT-P RÉGIO;3
Reis, Sérgio,;O caminho de Santiago ;Porto Alegre Artes e Ofícios 1999;910.4(460) REIS-S CAMIN 7.ED;3
Carreira, Antonio,;As companhias pombalinas de navegação, comércio e tráfico de escravos entre a costa africana e o;Porto Imprensa Portuguesa 1969;981.02/.03 CARRE-A COMPA;3
Leite, José Ferrari;A ocupação do pontal do Paranapanema ;São Paulo Hucitec 1998;918.156 LEITE-JF OCUPA;3
Neves, Zanoni,;Navegantes da integração ;Belo Horizonte UFMG 1998;981(282.281.5) NEVES-Z NAVEG;3
França, Jean Marcel Carvalho,;Outras visões do Rio de Janeiro colonial ;Rio de Janeiro J. Olympio 2000;918.53 OUTRA-VR OUTRA;3
Vesentini, José William,;Novas Geopolíticas ;São Paulo Contexto 2000;911.3:32 VASEN-JW NOVAS;3
Santos, Milton,;Por uma geografia nova ;São Paulo Hucitec 1996;911.3 SANTO-M PORUM 4.ED.;3
Leonardi, Victor,;Os historiadores e os rios ;Brasília UnB 1999;981.1 LEONA-V HISTO;3
Porto, Costa,;O pastoreio na formação do Nordeste ;[Brasília?] Ministério da Educação e Cultura, Serviço de Documentação [19--?];981.2/.3 PORTO-C PASTO;3
Peckham, Howard H,;O registro nacional de manuscritos ;Rio de Janeiro Arquivo Nacional 1960;930.25 PECKH-HH REGIS;3
;Cartografia incompleta ;Recife Bagaço 2000;929 VILAÇ-M CARTO;3
;Trinidad e Tobago;Boulogne Delroisse [1979];917.298.7 TRINI-T TRINI;3
La Condamine, Charles-Marie de,;Viagem na América Meridional descendo o rio das Amazonas ;Brasília Senado Federal 2000;918 LACON-C VIAGE;3
Niemeyer, Oscar,;Minha arquitetura ;Rio de Janeiro Revan 2000;929 NIEME-O NIEME MINHA 2.ED.;3
Greene, Graham,;The lawless roads ;London W. Heinemann 1955;910.4 GREEN-G LAWLE;3
Morales de los Rios Filho, Adolfo,;O Rio de Janeiro imperial ;Rio de Janeiro Topbooks 2000;918.153 MORAL-A RIO 2.ED.;3
Martins, Luciana de Lima,;O Rio de Janeiro dos viajantes ;Rio de Janeiro Zahar 2001;910.4(815.3) MARTI-LL RIODE;3
Gerson, Brasil,;História das Ruas do Rio ;Rio de Janeiro Lacerda 2000;981.53 GERSO-B HISTO 5.ED.;3
Edmundo, Luiz,;O Rio de Janeiro no tempo dos vice-reis ;Brasília Senado Federal, Conselho Editorial 2000;918.53 EDMUN-L RIO;3
Aguiar, Luiz Antonio,;Hans Staden ;São Paulo Melhoramentos 2000;910.4(81) STADE-H VIAGE 2000;3
Oliveira, Aglae Lima de,;Lampião, cangaço e Nordeste ;Rio de Janeiro O Cruzeiro 1970;929 LAMPI OLIVE 2.ED.;3
Galvão, Walnice Nogueira,;O Império do Belo Monte ;São Paulo Fundação Perseu Abramo 2001;981.074 GALVÃ-WN IMPER;3
Gaude, Roland,;Como organizar su archivo ;Madrid Iberico Europea 1968;930.251 GAUDE-R COMO;3
Williams, Eric Eustace,;History of the People of Trinidad and Tobago ;London Andre Deutsch 1964;972.987 WILLI-E HISTO;3
Alonso, Annibal Martins,;Ao longo do caminho ;Rio de Janeiro J. Olympio 1976;929 ALONS-M ALONS;3
;Vietnã Sul ;São Paulo Argumentos 1968;959.7 VIETN-S VIETN;3
Riboud, Marc,;Face of North Vietnam ;New York Holt, Rinehart and Winston 1970;915.977 RIBOU-M FACE;3
Cavalcanti, J Curvello,;Nova numeração dos prédios da cidade do Rio de Janeiro ;Rio de Janeiro Typographia da Gazeta de Notícias [1979?];981.53 CAVAL-JC CIDAD;3
Banniard, Michel,;A alta idade média ocidental ;Mem Martins Europa-América 1980;940.1 BANNI-M ALTA;3
Baynton-Williams, Roger,;Investing in maps ;New York C. N. Potter 1969;912(091) BAYNT-R INVES;3
Costa, F A Pereira da;Arredores do Recife ;Recife Fundação Joaquim Nabuco 2001;981.34 COSTA-FA ARRED 2.ED.;3
Pirenne, Henri,;As Cidades da Idade Média ;Mem Martins Europa-América 1977;940.1-21 PIREN-H CIDAD 4.ED.;3
;Diálogos oceânicos ;Belo Horizonte UFMG 2001;946.9 DIALO-O DIALO;3
;Evolução Territorial e Administrativa do Estado da Bahia ;Salvador SEI 2001;918.138 EVOLU-TA EVOLU;3
Simielli, Maria Elena Ramos;Geoatlas ;São Paulo Atica 2002;912 SIMIE-ME GEOTL 31.ED. 1.IMPR.;3
Bastos, Wilson de Lima,;Viagem ao Nordeste ;Juiz de Fora Paraibuna 1969;910.4 BASTO-WL VIAGE;3
;Os Lusíadas na aventura do Rio Moderno ;Rio de Janeiro Record 2002;981.53 LUSIA-AR LUSIA;3
Hissa, Cássio Eduardo Viana,;A mobilidade das fronteiras ;Belo Horizonte Ed. UFMG 2002;91.000.165 HISSA-CE MOBIL;3
Gonçalves, Carlos Walter Porto,;Amazônia, Amazônias ;São Paulo Contexto 2001;911.3:32(811) GONÇA-CW AMAZO;3
Fundação Alexandre de Gusmão;Missão Especial de Honório Hermeto Carneiro Leão ao Rio da Prata ;Brasília FUNAG 2001;981.059(044) FUNDA-AG MISSA;3
Ferreira Filho, Artur,;História geral do Rio Grande do Sul ;Rio de Janeiro Globo 1958;981.65 FERRE-A HISTO;3
Saint-Hilaire, Auguste de,;Viagem ao Rio Grande do Sul ;Brasília Senado Federal, Conselho Editorial 2002;910.4(816.5) SAINT-A VIAGE 2002;3
Andrade, Manuel Correia de,;Geografia Econômica ;São Paulo Atlas 1998;911.3:33(81) ANDRA-MC GEOGR 12.ED. 2.TIR;3
;Geopolítica & Relações Internacionais ;Curitiba Juruá 2002;911.3:32 CARVA-LA GEOPO;3
Taunay, Alfredo d'Escragnolle Taunay,;O Visconde do Rio Branco ;São Paulo Melhoramentos [1930?];929 RIOBR-JM TAUNA 2.ED.;3
Simpson, Lesley Byrd,;Muchos Mexicos ;Mexico Fondo de Cultura Economica 1986;917.2 SIMPS-LB MUCHO 2.REIMPR.;3
Brasil;Ordem Nacional do Cruzeiro do Sul ;Brasília Ministério das Relações Exteriores 1971;929.71(81)(094) BRASIL-DN ORDEM;3
Randal, Jonathan C,;Going all the way ;New York Viking Press 1983;956.93 RANDA-JC GOING;3
Lenczowski, George,;The Middle East in world affairs ;Ithaca Cornell University Press 1956;953-11 LENCZ-G MIDDL 2.ED.;3
Melo, João Alves de;Natureza e história do Rio Grande do Norte ;Natal Imprensa Oficial 1969-;981.32 MELO-JA NATUR;3
Moreira, Ruy;O que é geografia ;São Paulo Brasiliense 1998;91 MOREI-R QUEEG 16.REIMPR.;3
;Scientific institutions and scientists in Latin America =;Montevideo Unesco 1964;929:5/6(81) SCIEN-IS SCIEN;3
Hermuche, Potira Meirelles,;O Rio de São Francisco ;Brasília Codevasf 2002;908(282.281.5) HERMU-PM RIO;3
Baxter, James K,;New Zealand ;Wellington A.H. and A.W. REED 1967;919.31 BAXTE-JK NEW 1967;3
Dorst, Jean,;LAmérique du Sud et lAmérque Centrale ;[Paris] Hachette 1969;917/918 DORST-J AMERI;3
Ferreira, Darlene Aparecida de Oliveira;Mundo rural e geografia ;São Paulo UNESP 2002;911.3:63(81) FERRE-DA MUNDO;3
Ferreira, João da Costa,;A cidade do Rio de Janeiro e seu termo ;Rio de Janeiro Prefeitura da Cidade do Rio de Janeiro [197-?];981.53 FERRE-JC CIDAD;3
Giuglaris, Marcel,;Passaporte para a Sibéria ;Lisboa Aster [196-?];917.711/.5 GIUGL-M PASSA;3
Hunter, Guy;The new socities of tropical Africa ;London Oxford University Press 1966;908(6) HUNTE-G NEW 2.REIMPR.;3
Whetten, Nathan L,;Guatemala ;New Haven Yale University Press 1962;908.728.1 WHETT-NL GUATE 2.IMPR.;3
Lima, Esperidião de Queiroz,;11 anos na Amazônia ;Manaus Governo do Estado do Amazonas 1966;929 LIMA-EQ ONZE;3
Santos, Amilcar Salgado dos,;Amazonenses esquecidos em sua terra ;Manaus Governo do Estado do Amazonas 2000;929(811) SANTO-AS AMAZO;3
Castro, Plácido de,;Apontamentos sobre a revolução acreana ;Manaus Valer 2003;981.12 CASTR-P APONT 2.ED.;3
Marcoy, Paul,;Viagem pelo Rio Amazonas ;Manaus Edua 2001;918.11 MARCO-P VIAGE;3
Steinen, Karl von den,;O Rio Xingu ;Manaus Ed. Governo do Estado 2002;910.4(282.281.35) STEIN-C RIO;3
Tavares, R J,;O Rio Tapajós ;Manaus Ed. Governo do Estado 2002;918(282.281.34) TAVAR-RJ RIO;3
;Roteiro da primeira viagem de vapor até a cidade da Barra ;Manaus Ed. Governo do Estado 2000;981.1 ROTEI-PV ROTEI;3
Moreira, Eidorfe;Conceito de Amazônia ;Manaus Ed. Governo do Estado 2001;918.11 MOREI-E CONCE;3
;Provincia delle Amazzoni ;Manaus Ed. Governo do Estado 2001;981.1 PROVI-A PROVI;3
Bluntshli, Hans,;A Amazônia como organismo harmônico ;Manaus Secretaria de Estado da Cultura e Turismo 1999;918.11 BLUNT-H AMAZO;3
Ribeiro, João,;As verdadeiras fontes do Rio Amazonas ;Manaus Ed. Governo do Estado 2001;918.11 RIBEI-J VERDA;3
;Encyclopaedia Britannica world atlas ;Chicago Encyclopaedia Britannica [1951];912 ENCYC-BW ENCYC;3
Costa, Manuel Fernandes;As navegações atlânticas no século XV ;Rio de Janeiro Instituto de Cultura Portuguesa 1979;946.9 COSTA-MF NAVEG;3
Leite, Ilka Boaventura;Antropologia da viagem ;Belo Horizonte UFMG 1996;910.4 LEITE-IB ANTRO;3
Posner, Ernst,;Archives and the public interest ;Washington Public Affairs Press 1967;930.25 POSNE-E ARCHI;3
Lencioni, Sandra;Região e geografia ;São Paulo Edusp 2003;911.3 LENCI-S REGIA 1.REIMPR.;3
Gomes, Denise Maria Cavalcante;Cerâmica arqueológica da Amazônia ;São Paulo Fapesp 2002;902(811) GOMES-DM CERAM;3
;Aspectos da geografia Riograndense ;Rio de Janeiro Instituto Brasileiro de Geografia e Estatística 1954;918.165 ASPEC-GR ASPEC;3
Cavalcanti, Nireu,;O Rio de Janeiro setecentista ;Rio de Janeiro J. Zahar 2004;981.53 CAVAL-N RIO;3
Rêgo, Mauro,;Santa Maria de Anajatuba ;Anajatuba Lithograf 1999;981.21 REGO-M SANTA;3
Silva, Evandro Lins e,;Arca de guardados ;Rio de Janeiro Civilização Brasileira 1995;929 SILVA-EL SILVA ARCA;3
;Comunidades quilombolas ;Brasília Fundação Cultural Palmares 2002;981.027:347.23(81) COMUN-QD COMUN;3
Meirelles Filho, João Carlos,;O livro de ouro da Amazônia ;Rio de Janeiro Ediouro 2004;918.11 MEIRE-JC LIVRO;3
Gomes, Paulo Cesar da Costa;Geografia e modernidade ;Rio de Janeiro Bertrand do Brasil 2003;910.1 GOMES-PC GEOGR 4.ED.;3
Bivar, Antonio,;Yolanda ;São Paulo Girafa 2004;929 PENTE-YA BIVAR;3
Rodrigues, Gomercindo Clovis Garcia,;Caminhando na floresta ;Rio Branco Floresta [200-?];929 MENDE-C RODRI;3
;Guia do Arquivo Geral da Cidade do Rio de Janeiro;Rio de Janeiro Prefeitura da Cidade do Rio de Janeiro [200-?];930.253:352(815.3) GUIA-AG GUIA;3
Gregor, Howard F,;Geografía de la agricultura ;Barcelona Ed. Vicens-vives 1973;911.3:631 GREGO-HF GEOGR VICEN;3
;Taiwan yearbook 2003;Taipei Government Information Office Republic of China 2003;908.529 TAIWA-Y TAIWA;3
Miller, Tom Oliver,;Considerações sôbre a pesquisa arqueológica ;Rio Claro Faculdade de Filosofia, Ciências e Letras de Rio Claro 1970;902(815.6) MILLE-TO CONSI;3
Deus, João Batista de;O sudeste goiano e a desconcentração industrial ;Brasília Ministério da Integração Nacional 2003;918.173 DEUS-JB SUDES;3
Martins, Gilson Rodolfo;Arqueologia do Planalto Maracaju-Campo Grande ;Brasília Ministério da Integração Regional 2003;902(817.1) MARTI-GR ARQUE;3
;A arqueologia no meio empresarial ;Goiânia Universidade Católica de Goiás 2002;902(061.3) SIMPO-AM ARQUE;3
Soriano, Waldemar Espinoza,;Los incas  economia sociedad y estado en la era del tahuantinsuyo ;Lima Amaru 1997;939.97 SORIA-WE INCAS 3.ED.;3
Zé, Tom,;Tropicalista lenta luta ;São Paulo Publifolha 2003;929 ZE-T TROPI;3
Mignolo, Walter,;Histórias locais - projetos globais ;Belo Horizonte Ed. UFMG 2003;930.85 MIGNO-WD HISTO;3
;Relatório anual Comissão de Localização da Nova Capital Federal, 1955 ;[Rio de Janeiro] [Editora não identificada] 1955;981.74 RELAT-TC RELAT;3
;O tesouro dos mapas ;São Paulo Instituto Cultural Banco Santos 2002;912(81) TESOU-M TESOU;3
Medeiros, Raimundo;Rio Itapecuru, águas que correm entre pedras ;São Luís Associação Brasileira de Engenharia Sanitária e Ambiental 2001;918.121 MEDEI-R RIO;3
;O papel da Ibero-América na comunidade arquivística internacional;Rio de Janeiro Arquivo Público 1998;930.25(81) PAPEL-IA PAPEL;3
Golin, Tau,;A fronteira ;Porto Alegre L&PM 2002-;981.65 GOLIN-T FRONT;3
Sarmento, Carlos E;O Rio de Janeiro na era Pedro Ernesto ;Rio de Janeiro Assembléia Legislativa 2001;981.53 SARME-CE RIO;3
Riffaud, Claude,;Expédition Famous ;Paris A. Michel 1976;910.4(261) RIFFA-C EXPED;3
Vieira, Eurípedes Falcão,;Espaços econômicos ;Porto Alegre Sagra Luzzatto 2003;911.3:33 VIEIR-EF ESPAÇ;3
Jenkinson, Hilary,;A manual of archive administration ;London Percy Lund, Humphries 1965;930.25 JENKI-H MANUA 2.ED.;3
Marlot, Daniel,;Clasificación y archivo ;Barcelona Sagitario 1967;930.25 MARLO-D CLASI;3
Marquant, R,;Os arquivos e as modernas pesquisas econômicas e sociais ;Rio de Janeiro Arquivo Nacional 1960;930.25 MARQU-R ARQUI;3
Hodson, J H,;The administration of archives ;Oxford Pergamon Press 1972;930.251 HODSO-JH ADMIN;3
Hoover, Edgar Malone,;La localisation des activités économiques ;Paris Ouvrières 1955;911.3:33 HOOVE-EM LOCAL;3
;Simposio de Geografia Urbana ;Rio de Janeiro Instituto Pan-Americano de Geografia e História 1968;911.375(7/8) SIMPO-GU SIMPO;3
Motta, Marly;Rio, cidade-capital ;Rio de Janeiro J. Zahar 2004;981.53 MOTTA-M RIO;3
Macedo, Joaquim Manuel de,;Um passeio pela cidade do Rio de Janeiro ;Rio de Janeiro Ed. de Ouro 1966;918.153 MACED-JM PASSE 1966;3
;Introdução à geografia cultural ;Rio de Janeiro Bertrand Brasil 2003;911.3 INTRO-GC INTRO;3
Frade, Fernando,;Introduccion a la geopolitica ;Madrid F. Frade Merino [1969];911.3:32 FRADE-F INTRO;3
;English privateering voyages to the West Indies ;Cambridge University Press 1959;972.9 ENGLI-PV ENGLI;3
Herrmann, Paul,;Historia de los descubrimientos geográficos ;Barcelona Labor [1968]-[19--?];910.4 (091) HERRM-P HISTO 3.ED.;3
Gheerbrant, Alain,;Lexpédition Orénoque Amazone ;[Paris] Gallimard 1952;910.4(811) GHEER-A EXPED 9.ED.;3
Lelong, Bernard,;La rivière du maïs ;Paris JC. Lattès 1974;910.4(8) LELON-B RIVIE;3
Caiado, Leolídio di Ramos,;Dramas do Oeste ;Goiânia Oriente 1974;910.4(817.3) CAIAD-LR DRAMA;3
Spencer, J E,;Cultural geography ;New York J. Wiley 1969;911.3 SPENC-JE CULTU;3
Wheeler Jr, Jesse H,;Regional geography of the world ;New York Holt, Rinehart and Winston 1969;911 WHEEL-JH REGIO 3.ED.;3
Jackson, W A Douglas,;Politics and geographic relationships ;Englewood Cliffs Prentice-Hall 1964;911.3:32 JACKS-WA POLIT;3
Cole, J P;Geography of world affairs ;Harmondsworth Penguin Books 1966;911 COLE-JP GEOGR 3.ED. REIMPR.;3
Toynbee, Arnold Joseph,;East to West ;London Oxford University Press 1958;910.4 TOYNB-AJ EAST;3
Parry, J H,;La epoca de los descubrimientos geograficos ;Madrid Guadarrama 1964;940 PARRY-JH EPOCA;3
Gourou, Pierre,;Leçons de géographie tropicale ;Paris Moution 1971;913(213.5) GOURO-P LEÇON;3
Challes, Robert,;Journal dun voyage fait aux Indes Orientales ;Paris Mercure de France 1979;910.4(34) CHALL-R JOURN;3
Poignant, Roslyn,;Decouvertes dans les mers du Sud ;Paris Flammarion 1976;910.4(265) POIGN-R DECOU;3
Arnault, Jacques,;Journal de voyage en Amérique Latine ;Paris Éd. Sociales 1969;910.4(8=6) ARNAU-J JOURN;3
Odell, Peter R,;Economies and societies in Latin America ;London J. Wiley and Sons 1973;911.3:33(8=6) ODELL-PR ECONO;3
Muir, Richard,;Modern political geography ;London Macmillan 1975;911.3:32 MUIR-R MODER;3
Zelinsky, Wilbur,;A prologue to population geography ;Englewood Cliffs Prentice-Hall 1966;911.3:312 ZELIN-W PROLO;3
Trewartha, Glenn Thomas,;A geography of population ;New York J. Wiley 1969;911.3 TREWA-GT GEOGR;3
Schneider, Ronald M;An atlas of Latin American affairs ;London Methuen 1966;911.3:33(8=6) SCHNE-RM ATLAS;3
George, Pierre,;Geografia econômica ;Rio de Janeiro Fundo de Cultura 1965;911.3:33 GEORG-P GEOGR 3.ED. 1965;3
George, Pierre,;Précis de géographie Économique ;Paris Presses Universitaires de France 1970;911.3:33 GEORG-P PRECI 2.ED.;3
Long, Molly,;World problems ;London English Universities Press 1969;911.3:33 LONG-M WORLD;3
Toyne, Peter,;Techniques in human geography ;London Macmillan 1971;911.3 TOYNE-P TECHN;3
Raffestin, Claude,;Pour une geographie du pouvoir ;Paris Techniques 1980;911.3:32 RAFFE-C POUR;3
Paterson, J H;Land, work and resources ;London E. Arnold 1973;911.3:33 PATER-JH LAND;3
Prescott, John Robert Victor,;The geography of state policies ;Chicago Aldine 1968;911.3:32 PRESC-JR GEOGR;3
Prescott, John Robert Victor,;Political geography ;London Methuen 1972;911.3:32 PRESC-JR POLIT;3
Johnson, James H,;Urban geography ;Oxford Pergamon 1975;911.3:711.4 JOHNS-JH URBAN 2.ED. REIMPR.;3
Spencer, J E,;Introducing cultural geography ;New York J. Wiley and Sons 1973;911.3 SPENC-JE INTRO;3
Spykman, Nicholas J;The geography of the peace ;London Archon 1969;911.3:32 SPYKM-NJ GEOGR;3
Gourou, Pierre,;Les pays tropicaux ;Paris Presses Universitaires de France 1966;911.3(213.5) GOURO-P PAYS;3
Toynbee, Arnold Joseph,;Between Maule and Amazon ;London Oxford University Press 1967;910.4(8=6) TOYNB-AJ BETWE;3
Gottmann, Jean,;La politique des États et leur géographie ;Paris A. Colin 1952;911.3:32 GOTTA-J POLIT;3
;Readings in economic geography ;Chicago R. McNally 1968;911.3:33 READI-EG READI;3
Courtin, René,;Économie géographique ;Paris Dalloz 1962;911.3:33 COURT-R ECONO;3
Taylor, Griffith,;Geografía urbana ;Barcelona Omega 1954;911.37 TAYLO-G GEOGR;3
Lavrischev, A N,;Geografia economica de la URSS ;Moscu Progreso [19--?];911.3:33(470) LAVRI-AN GEOGR;3
Pinochet Ugarte, Augusto,;Geopolitica de Chile ;México El Cid 1978;911.3:32(83) PINOC-A GEOPO;3
Boateng, E A,;A political geography of Africa ;Cambridge Cambridge University Press 1978;911.3:32(6) BOATE-EA POLIT;3
Doerr, Arthur H,;An Introduction to economic geography ;Dubuque, Iowa WM. C. Brown 1969;911.3:33 DOERR-AH INTRO;3
Toyne, Peter,;Organisation, location and behaviour ;London Macmillan 1974;911.3:33 TOYNE-P ORGAN;3
;A geografia ativa ;Rio de Janeiro Difel 1980;911.3:33 GEOGR-A GEOGR 5.ED.;3
Claval, Paul,;Éléments de géographie Économique ;Paris M.-Th. Genin 1976;911.3:33 CLAVA-P ELEME;3
Alexander, John W,;Economic geography ;Englewood Cliffs Prentice-Hall 1963;911.3:33 ALEXA-JW ECONO;3
Hassinger, Hugo,;Fundamentos geográficos de la historia ;Barcelona Omega 1958;911.3 HASSI-H FUNDA;3
Allix, André,;Manual de geografia general ;Madrid Rialp 1960;911.2/.3 ALLIX-A MANUA 3.ED.;3
Blij, Harm J de,;Systematic political geography ;New York J. Wiley 1967;911.3:32 BLIJ-HJ SYSTE;3
Cooke, Ronald U,;Arroyos and environmental change in the American South-West ;Oxford Clarendon 1976;911.2:551.435.16(791) COOKE-RU ARROY;3
;Environment, man and economic change ;London Longman 1975;91 ENVIR-ME ENVIR;3
Lockwood, John G,;The physical geography of the tropics ;Kuala Lampur Oxford Unversity Press 1976;911.2 LOCKW-JG PHYSI;3
Hidore, John J,;Physical geography ;Glenview Scott, Foresman 1974;911.2 HIDOR-JJ PHYSI;3
Planhol, Xavier de,;Les zones tropicales arides et subtropicales ;Paris A. Colin 1970;913(213) PLANH-X ZONES;3
Atencio, Jorge E,;Qué es la geopolítica? ;Buenos Aires Pleamar 1965;911.3:32 ATENC-JE QUE;3
Briano, Justo P,;Geopolítica y geoestrategia americana ;Buenos Aires Plemar 1966;911.3:32 BRIAN-JP GEOPO;3
Derruau, Max,;Nouveau précis de géographie humaine ;Paris A. Colin 1969;911.3 DERRU-M NOUVE;3
Beaujeu-Garnier, Jacqueline,;Tratado de geografia urbana ;Barcelona Vicens-Vives 1970;911.3:711.4 BEAUJ-J TRATA;3
Chardonnet, Jean,;Géographie industrielle ;Paris Sirey 1962;911.3:33 CHARD-J GEOGR;3
Gregor, Howard F,;Geography of agriculture ;Englewood Cliffs Prentice-Hall 1970;911.3:631 GREGO-HF GEOGR;3
Dollfus, Olivier,;Lespace géographique ;Paris Presses Universitaires de France 1970;911.3 DOLLF-O ESPAC;3
;Levantamento dos recursos naturais sócio-econômicos e institucionais do Estado do Rio Grande do Su;Porto Alegre Incra 1972;911.3:33(816.5) LEVAN-RN LEVAN;3
Strahler, Arthur Newell,;Geography and mans environment ;New York J. Wiley and Sons 1977;911.2(73) STRAH-AN GEOGR;3
Conkling, Edgar C,;Mans economic environment ;New York McGraw-Hill 1976;911.3:33 CONKL-EC MANS;3
Carter, Harold,;The study of urban geography ;London E. Arnold 1972;911.3:711.4 CARTE-H STUDY;3
Castro, Therezinha de,;Estudos de geo-história ;Rio de Janeiro Record [1971?];911.3 CASTR-T GEOHI;3
Rodrigues, Lysias,;O Rio dos Tocantins ;Goiânia Governo do Estado de Goiás 1978;918.1(282.281.4) RODRI-LA RIODO;3
Asián Peña, José Luis,;Geografía de las grandes potencias ;Barcelona Bosch 1952;914/919 ASIAN-JL GEOGR;3
Vallaux, Camille;Geografía general de los mares ;Barcelona Ed. Juventud 1953;911.2:551.46(26) VALLA-C GEOGR;3
Ballou, Maturin M,;Due south, or, Cuba past and present ;New York Negro Universities Press 1969;917.291 BALLO-MM DUE;3
;Geografia descriptiva ;Madrid Rialp 1975;91 GEOGR-D GEOGR;3
;Cartogramas socio-econômicos;Goiânia Secretaria da Indústria e Comércio 1972;912:33(817.3) CARTO-SE CARTO 2.ED.;3
Cole, J P;A geography of the USSR ;London Butterworths 1970;914.7 COLE-JP GEOGR 2.ED.;3
Kane, Robert S;Eastern Europe A to Z ;New York Doubleday 1968;908.4 KANE-RS EASTE;3
Servan-Schreiber, Émile,;Lexemple américain ;Paris Payot 1917;917.3 SERVA-E EXEMP;3
Siegfried, André,;Deux mois en Amérique du Nord à la veille de la Guerre, juin-juillet 1914 ;Paris A. Colin 1916;917.3 SIEGF-A DEUX;3
Newbigin, Marion I,;Europa del Sur ;Barcelona Omega 1952;914-13 NEWBI-MI EUROP;3
Shanahan, Edward William,;América del Sur ;Barcelona Omega 1965;918 SHANA-EW AMERI 3.ED.;3
Despois, Jean,;LAfrique du Nord ;Paris Presses Universitaires de France 1958-;916.1 DESPO-J AFRIQ 2.ED.;3
Chiao-mim, Hsieh,;Taiwan, ilha Formosa ;London Butterworths 1964;915.29 CHIAO-H TAIWA;3
Isnard, Hildebert,;Géographie de lAfrique Tropicale et Australe ;Paris Presses Universitaires de France 1964;916 ISNAR-H GEOGR;3
Denis, Jacques,;LAfrique Centrale et Orientale ;Paris Presses Universitaires de France 1971;916 DENIS-J AFRIQ;3
Mathias, Herculano Gomes;Viagem pitoresca ao velho e ao nôvo Rio ;Rio de Janeiro Brasiliana 1965;918.153 MATHI-HG VIAGE 2.ED.;3
Migliorini, Elio,;Profilo geografico dellAmerica Meridionale ;Napoli Libr. Scientifica Editrice 1969;917/918 MIGLI-E PROFI 2.ED.;3
Maack, Reinhard,;Geografia física do Estado do Paraná ;Curitiba Banco de Desenvolvimento do Paraná 1968;918.162 MAACK-R GEOGR;3
Figueirêdo, Lima;Terras de Matto-Grosso e da Amazonia ;Rio de Janeiro A Noite [19--?];918.11 FIGUE-L TERRA;3
Niddrie, David L,;South Africa ;Princeton D. Van Nostrand Company 1968;916.80 NIDDR-DL SOUTH;3
Kirwan, L P,;Histoire des explorations polaires ;Paris Payot 1961;910.4(98/99) KIRWA-LP HISTO;3
Emmanuel, Marthe,;La France et lexploration polaire ;Paris Nouvelles Ed. Latines 1959;919.8/.9:910.4(44) EMMAN-M FRANC;3
Moraes, Cícero;Geografia do Espírito Santo ;Vitória Fundação Cultural do Espírito Santo 1974;918.152 MORAE-C GEOGR;3
Ferreira, Manoel Rodrigues,;Nas selvas amazonicas ;São Paulo Biblos 1961;910.4(811) FERRE-MR NASSE;3
Wagley, Charles,;Amazon town ;London Oxford 1976;918.113 WAGLE-C AMAZO;3
Hurley, Jorge,;A Amazonia cyclopica ;Rio de Janeiro A. Coelho Branco 1931;918.11 HURLE-J AMAZO;3
Bernardes, Lysia Maria Cavalcanti;Planície litorânea e zona canavieira do Estado do Rio de Janeiro ;Rio de Janeiro Conselho Nacional de Geografia 1957;918.153 BERNA-LM PLANI;3
Brandão, Thomé;Cambuquira ;São Paulo Revista dos Tribunais 1940;918.151 BRAND-T CAMBU;3
;Rio ano 2000;[Rio de Janeiro] Secretaria de Ciência e Tecnologia 1970;918.153 RIO-AD RIO;3
Horrabin, James Francis,;An atlas of Africa ;New York F. A. Praeger 1961;916 HORRA-JF ATLAS 2.ED.;3
Lambert, Paul;Fraternelle Amazonie ;Paris R. Laffont 1969;918.11 LAMBE-P FRATE;3
Olic, Nelson Bacic,;Geopolítica da América Latina ;São Paulo Moderna 2004;911.3:32(8=6) OLIC-NB GEOPO 2.ED. 22.REIMPR.;3
;Les Techniciens de la colonisation ;Paris Presses Universitaires de France 1947;929:325.3 TECHN-C TECHN 2.ED.;3
Teilhard de Chardin, Pierre,;Cartas de viagem ;Lisboa Portugália 1969;929 TEILH-P TEILH 1923;3
Aragão, Jarbas Cavalcante de,;Colonização do Nordeste ;Rio de Janeiro Ed. Laudes 1969;929.52 ARAGA-JC COLON;3
Parrot, André,;Archéologie mésopotamienne ;Paris A. Michel 1953-;902(358) PARRO-A ARCHE;3
Gonzalez Lamadrid, Antonio,;Los descubrimientos del Mar Muerto ;Madrid Católica 1971;930 GONZA-A DESCU;3
Mazzoleni, Jole,;Paleografia e diplomatica e scienze ausiliarie ;Napoli Libr. Scientifica 1970;930.272 MAZZO-J PALEO;3
Walter, H V,;Arqueologia da região de Lagoa Santa, Minas Gerais ;Rio de Janeiro Sedegra 1958;902(815.1) WALTE-HV ARQUE;3
Pallestrini, Luciana;Interpretação das estruturas arqueológicas em sítios do estado de São Paulo ;São Paulo Universidade de São Paulo, Fundo de Pesquisas do Museu Paulista 1975;902.2 PALLE-L INTER;3
Almeida, Ruth Trindade de;A arte rupestre nos Cariris Velhos ;João Pessoa Ed. Universitária 1979;902(813.3) ALMEI-RT ARTE;3
Kolosimo, Peter,;Astronaves na pré-história ;São Paulo Melhoramentos 1976;903 KOLOS-P ASTRO;3
;Programa Nacional de Pesquisas Arqueológicas ;Belém Museu Paraense Emílio Goeldi 1974;902.2 PROGR-NP PROGR;3
Brooks, Philip Coolidge,;Research in Archives ;Chicago University of Chicago Press 1969;930.25 BROOK-PC RESEA;3
;Archive-library relations ;New York R.R. Bowker 1976;930.25 ARCHI-LR ARCHI;3
Childe, V Gordon;Progreso y arqueologia ;Buenos Aires La Pleyade 1973;902 CHILD-VG PROGR;3
Favier, Jean,;Les archives ;Paris Presses Universitaires de France 1965;930.25 FAVIE-J ARCHI 2.ED.;3
Parkinson, C Northcote;El Este contra el Oeste ;Bilbao Deusto 1969;930.85 PARKI-CN ESTE 2.ED. REIMPR.;3
Lord, Walter,;Midway lincroyable victoire ;Paris R. Laffont 1969;940.53 LORD-W MIDWA;3
Maclean, Fitzroy,;Eastern approaches ;London J. Cape 1966;940.53 MACLE-F EASTE;3
Rose, Richard;Northern Ireland ;"London ; Basingstoke Macmillan 1976";941.6 ROSE-R NORTH;3
;Jaboatão ;Jaboatão dos Guararapes Fundação Yapoatan 1996-;981.34 JABOA-HM JABOA;3
Holbrook, Sabra,;Capital without a country ;New York Coward-McCann [1961];943.0 HOLBR-S CAPIT;3
Clyde, Paul Hibbert,;The Far East ;Englewood Cliffs Prentice-Hall 1958;95 CLYDE-PH FAR 3.ED.;3
;An advanced reader in chinese history ;Lawrence University of Kansas Publications 1973;951 ADVAN-RC ADVAN;3
;La question du Tibet ;Pekin Ed. en Langues Extrangeres 1959;951.5 QUEST-T QUEST;3
Nogueira, Franco,;A luta pelo Oriente ;[Lisboa] Ministério do Ultramar 1957;911.2(1-11) NOGUE-F LUTA;3
Michael, Franz H,;The Far East in the modern world ;London Methuen 1962;95 MICHA-FH FAREA;3
Han, Suyin,;Lhassa, Étoile-fleur ;Paris Stock 1976;915.15 SUYIN-H LHASS;3
Anderson, J D,;West Africa & East Africa ;London Heinemann Educational Books 1972;96 ANDER-JD WEST;3
;Problems in the history of colonial Africa ;Englewood Cliffs, N.J. Prentice-Hall 1970;96 PROBL-HC PROBL;3
Cady, John F;Thailand, Burma, Laos, & Cambodia ;Englewood Cliffs Prentice-Hall 1966;959 CADY-JF THAIL;3
Arasaratnam, S,;Ceylon ;New Jersey Prentice-Hall 1964;954.87 ARASA-S CEYLO;3
;Aspects & facets of Thailand;Bangkok Public Relations Department 1958;959.3 THAIL-O ASPEC;3
Giniewski, Paul,;Une autre Afrique du Sud ;Paris Berger-Levrault 1962;96 GINIE-P AUTRE;3
;Africa in the days of exploration ;New Jersey Prentice-Hall 1965;96 AFRIC-DE AFRIC;3
Lacour-Gayet, Robert,;Histoire de lAfrique du Sud ;Paris Fayard 1970;968.0 LACOU-R HISTO;3
Connell, John,;The most important country ;London Cassell 1957;962 CONNE-J MOST;3
Eybers, G W,;Selected constitutional documents illustrating South African history ;New York Negro Universities Press 1969;968.0 EYBER-GW SELEC;3
Rézette, Robert,;The Western Sahara and the frontiers of Marocco ;Paris Nouvelles Editions Latines 1975;964.8 REZET-R WESTE;3
Moraes, Frank,;The importance of Being Black an Asian looks at Africa ;New York Macmillan 1965;96 MORAE-F IMPOR;3
Vigneras, Louis-André,;The discovery of South America and the Andalusian voyages ;Chicago University of Chicago Press 1976;980 VIGNE-LA DISCO;3
Hockett, Homer C;Land of the free ;New York Macmillan 1944;973 HOCKE-HC LAND;3
Schlesinger, Arthur M;Paths to the present ;New York Macmillan 1949;973 SCHLE-AM PATHS;3
Adams, James Truslow,;Provincial society ;New York Macmillan 1951;973.02 ADAMS-JT PROVI;3
Fontpertuis, Adalbert Frout de,;Les États-Unis de lAmérique septentrionale ;Paris Guillaumin et Cie [1873];973 FONTP-AF ETATS;3
Beltranena Sinibaldi, Luis;Fundación de la República de Guatemala ;Guatemala Tip. Nacional 1971;972.81 BELTR-L FUNDA;3
Velazquez, Maria,;Los mexicanos ;México Fondo de Cultura Económica 1970;972 VELAZ-M MEXIC;3
Silva, Silvestre Ferreira da,;Relação do sítio da Nova Colônia do Sacramento ;São Paulo [Editora não identificada] 1977;989.9 SILVA-SF RELAÇ;3
Sarthou, Carlos,;Relíquias da cidade do Rio de Janeiro ;Rio de Janeiro Atheneu 1965;981 SARTH-C RELIQ;3
Mendonça, Renato,;Fronteira em marcha ;Rio de Janeiro Livr. São José 1956;981 MENDO-R FRONT;3
Freyre, Gilberto,;New world in the tropics ;New York Alfred A. Knopf 1959;981 FREYR-G NEW;3
Porto, Costa,;Nos tempos do visitador ;Recife Universidade Federal de Pernambuco 1968;981.34 PORTO-C NOSTE;3
Miranda, Salm de,;Um nordeste ;Rio de Janeiro São José 1972;981.2/.3 MIRAN-S NORDE;3
Heroncio, P,;Os holandêses no Rio Grande ;Rio de Janeiro ABC 1937;981.32 HERON-P HOLAN;3
Barreto, Carlos Xavier Paes,;A cidade do Rio de Janeiro e suas dúvidas ;Rio de Janeiro Aurora 1959;981.5 BARRE-CX CIDAD;3
Lefort, José do Patrocínio,;Cidade da Campanha ;Belo Horizonte Imprensa Oficial 1972;981.51 LEFOR-JP CIDAD;3
;Laguna antes de 1880 ;Florianópolis Lunardelli 1979;981.64 LAGUN-AM LAGUN;3
Mello, Evaldo Cabral de,;A outra independência ;São Paulo Ed. 34 2004;981.34 MELLO-EC OUTRA;3
Cayeux, André de,;LAntarctique ;Paris Presses Universitaires de France 1967;999 CAYEU-A ANTAR;3
;Archivo de Don Bernardo OHiggins ;Santiago de Chile Pacifico 1964-;983 ARCHI-DB ARCHI;3
Costa, Craveiro,;A conquista do deserto ocidental ;São Paulo Companhia Editora Nacional 1973;981(082.1) BRASI BRASI V.191 2.ED.;3
Laytano, Dante de,;Legado luso-açoriano na formação do Rio Grande do Sul ;Porto Alegre Inep 1974;981.65 LAYTA-D LEGAD;3
Costa, Mário Rodrigues da,;Viagem de estudos à Amazônia Oriental ;Rio de Janeiro Serviço de Documentação Geral da Marinha 1972;910.4(811) COSTA-MR VIAGE;3
;Arqueologia amazônica ;São Paulo Museu de Arqueologia e Etnologia 1972;902(811.5) ARQUE-A ARQUE;3
;A expansão territorial;Rio de Janeiro Livro 1964;981 EXPAN-T EXPAN;3
Horwitz, Tony,;Latitudes azuis ;Rio de Janeiro Rocco 2004;910.4 HORWI-T LATIT;3
Winchester, Simon,;O mapa que mudou o mundo ;Rio de Janeiro Record 2004;929 SMITH-W WINCH;3
Bourget, Paul,;Voyageuses ;Paris Nelson [19--?];910.4 BOURG-P VOYAG;3
Macartney, C A,;Problems of the Danube Basin ;Cambridge University Press 1944;940 MARCA-CA PROBL;3
Dias, Maria Odila Leite da Silva;A Interiorização da metrópole e outros estudos ;São Paulo Alameda 2005;981 DIAS-MO INTER;3
Belchior, Elysio de Oliveira,;Visconde de Cairu ;Rio de Janeiro Confederação Nacional do Comércio 2000;929 CAIRU-JS BELCH 2.ED.;3
Goblet, Y M,;Political geography and the world map ;New York Frederic A. Praeger 1955;911.3:32 GOBLE-YM POLIT;3
Cunha, Euclides da,;O rio Purus ;Rio de Janeiro SPVEA 1960;910(282.28) CUNHA-E RIOPU;3
;Modern Japan ;London George Allen and Unwin 1975;952.0 MODER-JA MODER;3
;Géographie générale ;[Paris] Gallimard 1966;911 GEOGR-G GEOGR;3
Haggett, Peter,;Geography ;New York Harper and Row 1972;911 HAGGE-P GEOGR;3
Black, Jeremy,;Mapas e história ;Florianópolis Edusc 2005;930.9:912 BLACK-J MAPAS;3
Ruellan, Alain,;Amazonie, le chemin de lespoir ;Paris Descartes and Cie 2005;918.11 RUELL-A AMAZO;3
Sposito, Eliseu Savério;Geografia e filosofia ;São Paulo Unesp 2004;911 SPOSI-ES GEOGR;3
Gouvêa, Fernando da Cruz,;Visão política de Machado de Assis e outros ensaios ;Recife Cepe 2005;981.34 GOUVE-FC VISÃO;3
Barney, Elvira,;Mulheres pioneiras de Brasília ;Brasília Thesaurus 2001;929:396 BARNE-E MULHE;3
Maranca, Silvia,;Estudo do sítio arqueológico Aldeia da Queimada Nova Estado Piauí ;São Paulo Universidade de São Paulo, Fundo de Pesquisas do Museu Paulista 1976;902.2(812.2) MARAN-S ESTUD;3
Biblioteca Nacional (Brasil);Iconografia baiana do século XIX na Biblioteca Nacional ;Rio de Janeiro Edições Biblioteca Nacional 2005;918.138 BIBLI-N ICONO;3
Fontana, Riccardo,;A Amazônia de Ermanno Stradelli ;Brasília Governo do Estado do Amazonas 2006;918.11 FONTA-R AMAZO;3
;Natureza, fronteiras e territórios ;Londrina (PR) Eduel 2005;930.2:003 NATUR-FT NATUR;3
Claval, Paul,;Evolución de la geografía humana ;Barcelona Oikos-tau 1974;911.3 CLAVA-P EVOLU;3
Fernandes Neto, Otoniel;Viagem pictórica pelo Rio Parnaíba =;Brasília Ed. do Autor 2006;918.121 FERNA-O VIAGE;3
;Arcadas ;São Paulo Saraiva 2007;981.088 ARCAD-TD ARCAD;3
Pamuk, Orhan,;Istambul ;São Paulo Companhia das Letras 2007;949.611 PAMUK-O ISTAM;3
Joinville, François-Ferdinand-Philippe-Louis-Marie d'Orléans,;Diário de um príncipe no Rio de Janeiro ;Rio de Janeiro J. Olympio 2007;910.4(815.3) JOINV-FF DIARI;3
Phillipson, Olly,;Atlas geográfico mundial ;São Paulo Fundamento 2007;912(084.4) PHILL-O ATLAS;3
Zuquim, Maria de Lourdes;Os caminhos do rural ;São Paulo Senac 2007;981.61 ZUQUI-ML CAMIN;3
Millard, Candice;O rio da dúvida ;São Paulo Companhia das Letras 2007;918.11 MILLA-C RIO;3
;Manual de gestão documental das entidades nacionais do sistema indústria ;Brasília CNI/SESI/SENAI/IEL 2006;930.25 MANUA-GD MANUA;3
Portugal, Henrique Furtado,;A saúde pública nas serras, altiplanos, sertões e gerais ;Belo Horizonte [Editora não identificada] 2008;929 PORTU-HF PORTU;3
;Geografia agrária ;São Paulo Expressão Popular 2007;911.3:63 GEOGR-AT GEOGR;3
Gallup, John Luke,;Geografia é destino? ;São Paulo Unesp 2007;911.3:33 GALLU-JL GEOGR;3
Vieira, Marcelo Milano Falcão;Geoestratégia global ;Rio de Janeiro Ed. FGV 2007;911.3:33 VIEIR-MM GEOES;3
Reiss, Tom,;O orientalista ;Rio de Janeiro Record 2007;929 SAID-K REISS;3
Koch, Stephen,;O ponto de ruptura ;Rio de Janeiro Difel 2008;929 HERMI-C KOCH;3
Schultz, Kirsten;Versalhes tropical ;Rio de Janeiro Civilização Brasileira 2008;981.036/.041 SCHUL-K VERSA;3
Santos, Maria Elisabete Gontijo dos;Comunidades quilombolas de Minas Gerais no século XXI ;Belo Horizonte Autêntica/CEDEFES 2008;981.51 SANTO-ME COMUN;3
Faquini, Rui,;Estrada Colonial no Planalto Central ;Brasília Instituto Paidéia 2006;918.15 FAQUI-R ESTRA;3
;Territórios e territorialidades ;São Paulo Expressão Popular 2009;910.1 TERRI-T TERRI;3
Lima, Alceu Amoroso,;Visão do nordeste ;Rio de Janeiro Agir 1962;918.134 LIMA-AA VISAO 2.ED.;3
;Land ahoy ;[Brasil] Ibama 1996;918.138 LAND-A LAND;3
Scolese, Eduardo;Pioneiros do MST ;Rio de Janeiro Record 2008;929:332.021.8(81) SCOLE-E PIONE;3
Albuquerque Júnior, Durval Muniz de,;A invenção do nordeste e outras artes ;São Paulo Cortez 2009;981.2/.3 ALBUQ-DM INVEN 4.ED.;3
Matos, Raimundo José da Cunha,;Itinerário do Rio de Janeiro ao Pará e Maranhão pelas províncias de Minas Gerais e Goiás ;Belo Horizonte Instituto Cultural Amilcar Martins 2004;910.4(815.1) MATOS-RJ ITINE;3
Figueiredo, Claudio,;O porto e a cidade ;Rio de Janeiro Casa da Palavra 2005;981.53 FIGUE-C PORTO;3
Coaracy, Vivaldo,;Rio de Janeiro no século XVII ;Rio de Janeiro Documenta histórica 2009;981.53 COARA-V RIODE 3.ED.;3
Patriani, Luís;Paraíba do Sul ;São Paulo Horizonte 2010;918.15 PATRI-L PARAI;3
Hugon, Philippe,;Geopolítica da África ;Rio de Janeiro FGV 2009;911.3:32(66/67) HUGON-P GEOPO;3
Piza, Daniel,;Amazônia de Euclides ;São Paulo Leya 2010;908.811 PIZA-D AMAZO REIMPR.;3
Dávila Oliveda, Alfonso,;Los archivos del Estado ;Gijón (Asturias) Trea 2010;930.25(460) DAVIL-A ARCHI;3
;A natureza dos rios ;Curitiba Ed. UFPR 2008;981(282.28) NATUR-DR NATUR;3
Garcia, Fernando Cacciatore de,;Fronteira iluminada ;Porto Alegre Sulina 2010;981.65 GARCI-FC FRONT;3
Visentini, Paulo G Fagundes,;A África moderna ;Porto Alegre Leitura XXI 2010;96 VISEN-PF AFRIC;3
Torrão Filho, Amilcar,;A arquitetura da alteridade ;São Paulo Fapesp 2010;910.4 TORRA-A ARQUI;3
Jardim, José Maria;Políticas y sistemas de archivos ;México Red de Archivos Diplomáticos Iberoamericanos 2010;930.25 JARDI-JM POLIT;3
Nascimbene, Luigi,;Tentativa de independência do Estado do Rio Grande do Sul ;Porto Alegre Companhia Editorial 2009;981.65 NASCI-L TENTA;3
;A produção do espaço urbano ;São Paulo Contexto 2011;911.375 PRODU-EU PRODU;3
Haesbaert, Rogério,;Regional-global ;Rio de Janeiro Bertrand Brasil 2010;913 HAESB-R REGIO;3
Schuler, C J,;Cartografando o mundo ;Paris Ed. Place des Victoires [2010];930.9(084.3) SCHUL-CJ CARTO;3
Remnick, David;A ponte ;São Paulo Companhia das Letras 2010;929 REMNI-D PONTE;3
Fregapani, Gélio,;A Amazônia no grande jogo geopolítico ;Brasília Thesaurus 2011;911.3:32(811) FREGA-G AMAZO;3
Brum, Liniane Haag,;Antes do passado ;Porto Alegre Arquipélago 2012;981.088 BRUM-LH ANTES;3
Anjos, Rafael Sanzio Araújo dos,;Territorialidade quilombola ;Brasília Mapas Ed. 2011;981.027 ANJOS-RS TERRI;3
Giannotti, Carlos Ugo,;A construção do espaço do Centro-Oeste ;Goiânia Kelps 2012;981.7 GIANN-CU CONST;3
;Vala clandestina de Perus ;São Paulo Instituto Macuco 2012;981.088 VALA-CP VALA;3
;A ditadura de segurança nacional no Rio Grande do Sul (1964-1985) ;Porto Alegre Corag 2010;981.088 DITAD-SN DITAD 2.ED.;3
Chellaney, Brahma,;A ascensão da Ásia e seu impacto global ;Cotia Acatu 2012;911.3:32(5) CHELL-B ASCEN;3
;Atlas national geographic ;São Paulo Abril 2008;912(8) ATLAS-NG ATLAS;3
;Agricultura familiar, cultura camponesa e novas territorialidades no Vale do Jequitinhonha ;Belo Horizonte Fino Traço 2012;911.3:63(815.1) AGRIC-FC AGRIC;3
;Territorialidades humanas e redes sociais ;Florianópolis Insular 2013;911.3 TERRI-HR TERRI 2.ED.;3
Lopes, Raimundo,;Antropogeografia ;Rio de Janeiro Museu Nacional 1956;911.3 LOPES-R ANTRO;3
Vidal, Laurent,;Mazagão, la ville que traversa lAtlantique ;[Paris] Aubier 2005;981.16 VIDAL-L MAZAG;3
Soares, João;Atlas histórico-geográfico ;Novara, Itália Instituto Geográfico de Agostini [1925?];912 SOARE-J ATLAS;3
Becker, Bertha,;A urbe amazônida ;Rio de Janeiro Garamond 2013;913(811) BECKE-B URBE;3
Moraes, Antonio Carlos Robert,;Território na geografia de Milton Santos ;São Paulo Annablume 2013;910.1 MORAE-AC TERRI;3
Barreto, Abílio,;Belo Horizonte ;Belo Horizonte Fundação João Pinheiro 1996;981.51 BARRE-A BELO 2.ED.;3
Cadorin, Adilcio;Laguna terra mater ;Blumenau Nova Letra 2013;981.64 CADOR-A LAGUN;3
Paulino, Eliane Tomiasi,;Por uma geografia dos camponeses ;São Paulo Ed. Unesp 2012;911.3:63(816.2) PAULI-ET GEOGR 2.ED.;3
Castro, Josué de,;Um ensaio de geografia urbana ;Recife Massangana [2013];911.375(813.4) CASTR-J ENSAI;3
;Ditadura ;São Paulo Boitempo 2014;981.088 DITAD-RT DITAD;3
Berwanger, Ana Regina;Noções de paleografia e de diplomática ;Santa Maria, RS Ed. UFSM 2012;930.27 BERWA-AR NOÇOE;3
Leal, João Eurípedes Franklin,;Glossário de paleografia e diplomática ;Rio de Janeiro Multifoco 2011;930.27(03) LEAL-EF GLOSS;3
Araújo, Carlos Alberto Ávila;Arquivologia, biblioteconomia, museologia e ciência da informação ;Brasília Briquet de Lemos 2014;930.25 ARAUJ-CA ARQUI;3
Jimerson, Randall C;American archival studies ;Chicago The Society of American Archivists 2001;930.25(73) JIMER-RC AMERI;3
Pastore, José,;Antônio Ermírio de Moraes ;São Paulo Planeta 2013;929 MORAE-AE PASTO 3.REIMPR.;3
;What do you know about Tibet ;Beijing Foreign Languages Press 2011;915.15 WHAT-KT WHAT 2.IMPR.;3
;A cidade como negócio ;São Paulo Contexto 2015;911.375 CIDAD-CN CIDAD;3
;A terra e o seu entorno ;Brasília Fundação Alexandre de Gusmão 2015;949.712 TERRA-SE TERRA;3
Saquet, Marcos Aurelio;Por uma geografia das territorialidades e das temporalidades ;Rio de Janeiro Consequência 2015;911.3 SAQUE-MA POR 2.ED.;3
Khapoya, Vincent B,;A experiência africana ;Petrópolis Vozes 2015;96 KAPHO-VB EXPER;3
Bernanos, Georges,;Os grandes cemitérios sob a lua ;São Paulo É Realizações 2015;946.0 BERNA-G GRAND;3
Bueno, Eduardo,;Náufragos, traficantes e degradados ;Rio de Janeiro Estação Brasil 2016;981.01 BUENO-E NAUFR ESTAÇ;3
Cruz, Ernesto Horácio da,;Ruas de Belém ;Belém Conselho Estadual de Cultura 1970;981.15 CRUZ-EH RUAS;3
Stevenson, Robert Louis,;Nos mares do sul ;São Paulo Iluminuras 2001;910.4 STEVE-RL NOSMA 3.ED.;3
;Archivos y documentos ;São Paulo Associação de Arquivistas de São Paulo 2015;930.25 ARCHI-DT ARCHI;3
Bastos, Denise de Morais,;Um passeio pelo Rio de Janeiro do século XIX ;Rio de Janeiro Arquivo Nacional 2015;981.53 BASTO-DM PASSE;3
Lampe, John R,;Balkans into Southeastern Europe ;New York Palgrave Macmillan 2006;949.7 LAMPRE-JR BALKA;3
;Áfricas ;Curitiba Prismas 2017;96 AFRIC-HI AFRIC;3
Silva, José Maria da,;Amazônia em contexto ;Curitiba CRV 2016;911.3(811) SILVA-JM AMAZO;3
Brasil;Tabela de temporalidade de documentos de arquivo do Senado Federal e do Congresso Nacional ;Brasília Senado Federal 2013;930.25 BRASI-CN TABEL 2.ED.;3
Morais, Raimundo,;O meu dicionário de cousas da Amazônia ;Brasília Senado Federal 2018;918.11(03) MORAI-R MEU REIMPR.;3
Schubert, Arlete Pinheiro,;Lutas territoriais tupinikim ;Curitiba, PR Appris 2018;911.3:39(=981) SCHUB-AP LUTAS;3
Blair, Tony,;A journey ;New York Alfred A. Knopf 2010;929 BLAIR-T BLAIR 6.IMPR.;3
Bomfim, Paulo Roberto Albuquerque;Geopolítica e discursos territoriais no pensamento autoritário brasileiro das décadas de 1920-193;São Paulo Annablume 2018;911.3:32(81) BOMFI-PR GEOPO;3
Mamigonian, Beatriz G,;Africanos livres ;São Paulo Companhia das Letras 2017;981.063 MAMIG-BG AFRIC REIMPR.;3
Lessa, Aluísio Gomes,;Exílios meridionais ;Rio de Janeiro Arquivo Nacional 2018;981.02/.03 LESSA-AG EXILI;3
Castro, Ruy,;Metrópole à beira-mar ;São Paulo Companhia das Letras 2019;981.53 CASTR-R METRO;3
;Geografia e os riscos socioambientais ;São Paulo Bertrand Brasil 2020;911.2:502 GEOGR-RS GEOGR;3
Rodrigues, Fernando da Silva,;Amazônia na Primeira República ;Rio de Janeiro Mauad X 2020;910.4(811) RODRI-F AMAZO;3
Fernandes, Caio da Silveira,;Geografia das redes ;Curitiba Intersaberes 2020;910.1:004 FERNA-CS GEOGR;3
Spykman, Nicholas J;A geografia da paz ;São Paulo Hucitec 2020;911.3:32 SPYKM-NJ GEOPO;3
;Temas da geografia contemporânea ;Jundiaí, SP Paco Editorial 2019;911 TEMAS-GC TEMAS;3
;Fronteiras e territorialidades ;São Paulo Intermeios 2019;97/98 FRONT-TM FRONT;3
;Questões regionais e a geografia econômica ;Curitiba CRV 2020;911.3:33 QUEST-RG QUEST;3
;Atlas do Distrito Federal 2020 ;[Brasília] Codeplan 2020;912(817.4) ATLAS-DF ATLAS 2020;3
;O retorno da geopolítica na Europa? ;São Paulo Ed. Unesp 2021;911.3:32(4) RETOR-GE RETOR;3
Liverani, Mario,;Antigo oriente ;São Paulo Edusp 2020;931 LIVER-M HISTO REIMPR.;3
Tinoco, Pedro;A história do trabalho no porto do Rio ;Rio de Janeiro ID Cultural 2019;981.53 TINOC-P HISTO;3
Vasconcelos, Adirson,;Enciclopédia 2020 ;Goiânia Kelps 2021;981.74 VASCO-A ENCIC 2020;3
;Ethnic enclaves in contemporary Japan ;Singapore Springer 2021;911.375.64:728-054.62(520) ETHNI-EC ETHNI;3
Marshall, Tim,;O poder da geografia ;Rio de Janeiro Zahar 2022;911.3:32 MARSH-T PODER;3
Trevisan, Claudia,;Os chineses ;São Paulo Contexto 2021;930.85(510) COLEC-P COLEC 5.REIMPR.;3
Molina, Talita dos Santos,;Caminhos e concepções da patrimonialização documental ;Curitiba Appris 2022;930.25(81) MOLIN-TS CAMIN;3
Nelson, Maggie,;Argonautas ;Rio de Janeiro Autêntica 2022;929 NELSO-M ARGON REIMPR.;3
