author;title;publish;CDU;cluster
Coutinho, Afrânio,;A tradição afortunada ;Rio de Janeiro Editôra da Universidade de São Paulo 1968;981(082.1) DOCUM-BR DOCUM V.127;2
Moraes, J B Mascarenhas de;Memórias ;Rio de Janeiro J. Olympio 1969;981(082.1) DOCUM-BR DOCUM V.140-A;2
Linhares, Temístocles,;Historia econômica do mate ;Rio de Janeiro Livraria José Olympio Editora 1969;981(082.1) DOCUM-BR DOCUM V.138;2
Simonsen, Roberto,;História econômica do Brasil, 15001820 ;São Paulo Companhia Editora Nacional 1969;981(082.1) BRASI G BRASI 6.ED.;2
Veríssimo, José,;História da literatura brasileira ;Rio de Janeiro J. Olympio 1969;981(082.1) DOCUM-BR DOCUM 5.ED. V.74;2
Silva, Golbery do Couto e,;Geopolítica do Brasil ;Rio de Janeiro J. Olympio 1967;981(082.1) DOCUM-BR DOCUM V.126;2
Maia, João do Prado,;A Marinha de guerra do Brasil na Colônia e no Império ;Rio de Janeiro Livr. J. Olympio 1965;981(082.1) DOCUM-BR DOCUM V.121;2
Amaral, F Pompeo do;O problema da alimentação ;Rio de Janeiro J. Olympio 1963;981(082.1) DOCUM-BR DOCUM V.116;2
Pierson, Donald,;Cruz das Almas ;Rio de Janeiro J. Olympio Editora 1966;981(082.1) DOCUM-BR DOCUM V.124;2
Bruno, Ernani Silva,;Viagem ao país dos paulistas ;Rio de Janeiro Livraria José Olympio Editora 1966;981(082.1) DOCUM-BR DOCUM V.123;2
Almeida, José Américo de,;A palavra e o tempo ;Rio de Janeiro Livr. J. Olympio 1965;981(082.1) DOCUM-BR DOCUM;2
Baciu, Stefan,;Manuel Bandeira de corpo inteiro ;Rio de Janeiro Livraria José Olympio Editora 1966;981(082.1) DOCUM-BR DOCUM  V.122;2
Cruls, Luiz,;Planalto Central do Brasil ;Rio de Janeiro J. Olympio 1957;981(082.1) DOCUM-BR DOCUM 3.ED. V.91;2
Cruls, Gastão,;Hiléia amazônica ;Rio de Janeiro J. Olympio 1958;981(082.1) DOCUM-BR DOCUM 3.ED. V.101;2
Nunes, Castro,;Alguns homens do meu tempo ;Rio de Janeiro J. Olympio 1957;981(082.1) DOCUM-BR DOCUM V.97;2
Freyre, Gilberto,;Um brasileiro em terras portuguesas ;Rio de Janeiro J. Olympio 1953;981(082.1) DOCUM-BR DOCUM V.76;2
Freyre, Gilberto,;Aventura e rotina ;Rio de Janeiro J. Olympio 1953;981(082.1) DOCUM-BR DOCUM V.77;2
Lobo, Hélio,;Rio-Branco e o arbitramento com a Argentina ;Rio de Janeiro J. Olympio 1952;981(082.1) DOCUM-BR DOCUM V.69;2
Linhares, Temístocles,;Paraná vivo ;Rio de Janeiro J. Olympio 1953;981(082.1) DOCUM-BR DOCUM V.78;2
Nabuco, Carolina,;A vida de Virgilio de Melo Franco ;Rio de Janeiro J. Olympio 1962;981(082.1) DOCUM-BR DOCUM V.111;2
Maria Regina do Santo Rosário,;Epitácio Pessôa ;Rio de Janeiro J. Olympio 1951;981(082.1) DOCUM-BR DOCUM V.67;2
Sousa, Octávio Tarquínio de,;Bernardo Pereira de Vasconcellos e seu tempo ;Rio de Janeiro Livraria José Olympio Editora 1937;981(082.1) DOCUM-BR DOCUM V.3;2
Sousa, Octávio Tarquínio de,;A vida de D Pedro I ;Rio de Janeiro J. Olympio 1952;981(082.1) DOCUM-BR DOCUM V.71;2
Tinoco, Brígido,;A vida de Nilo Peçanha ;Rio de Janeiro J. Olympio 1962;981(082.1) DOCUM-BR DOCUM V.114;2
Viana Filho, Luiz,;A vida do Barão do Rio Branco ;Rio de Janeiro J. Olympio 1959;981(082.1) DOCUM-BR DOCUM V.106;2
Viana Filho, Luiz,;Rui e Nabuco ;Rio de Janeiro J. Olympio 1949;981(082.1) DOCUM-BR DOCUM V.64;2
Torres, João Camilo de Oliveira,;Interpretação da realidade brasileira ;Rio de Janeiro Livraria José Olympio Editora 1969;981(082.1) DOCUM-BR DOCUM V.141;2
Campos, Milton,;Testemunhos e ensinamentos ;Rio de Janeiro Livraria José Olympio Editora 1972;981(082.1) DOCUM-BR DOCUM V.154;2
Pereira, Baptista,;Figuras do Império e outros ensaios ;São Paulo Companhia Editora Nacional 1934;981(082.1) BRASI BRASI 2.ED.;2
Faria, Alberto de,;Mauá ;São Paulo Companhia Editora Nacional 1946;981(082.1) BRASI BRASI 3.ED.;2
Ferraz, Joaquim de Sampaio,;Meteorologia brasileira ;São Paulo Nacional 1945;981(082.1) BRASI BRASI;2
Ellis Junior, Alfredo,;Populações paulistas ;São Paulo Companhia Editora Nacional 1934;981(082.1) BRASI BRASI;2
Prado, J F de Almeida;Primeiros povoadores do Brasil, 1500-1530 ;São Paulo Nacional 1939;981(082.1) BRASI BRASI 2.ED.;2
Freyre, Gilberto,;Sobrados e mucambos ;São Paulo Companhia Editora Nacional 1936;981(082.1) BRASI BRASI;2
Expilly, Charles,;Mulheres e costumes do Brasil ;São Paulo Companhia Editora Nacional 1935;981(082.1) BRASI BRASI;2
Cabral, Oswaldo R;Santa Catharina ;São Paulo Companhia Editora Nacional 1937;981(082.1) BRASI BRASI;2
Sampaio, Alberto José de,;Biogeographia dynamica ;São Paulo Companhia Editora Nacional 1935;981(082.1) BRASI BRASI;2
Saint-Hilaire, Auguste de,;Viagem às nascentes do Rio S Francisco e pela Provincia de Goyaz ;São Paulo Companhia Editora Nacional 1937-1944;981(082.1) BRASI BRASI;2
Saint-Hilaire, Auguste de,;Viagem a provincia de Santa Catharina, 1820 ;São Paulo Companhia Editora Nacional 1936;981(082.1) BRASI BRASI;2
Vianna, Urbino;Bandeiras e sertanistas bahianos ;São Paulo Companhia Editora Nacional 1935;981(082.1) BRASI BRASI;2
Roquette-Pinto, E;Rondônia ;São Paulo Companhia Editora Nacional 1935;981(082.1) BRASI BRASI 3.ED.;2
Ellis Junior, Alfredo,;O bandeirismo paulista e o recuo do meridiano ;São Paulo Nacional 1938;981(082.1) BRASI BRASI 3.ED.;2
Barbosa, Rui,;Mocidade e exílio ;São Paulo Nacional 1940;981(082.1) BRASI BRASI 2.ED.;2
Belo, José Maria de Albuquerque,;Inteligência do Brasil ;São Paulo Companhia Editora Nacional 1935;981(082.1) BRASI BRASI 2.ED.;2
Saint-Hilaire, Auguste de,;Segunda viagem ao interior do Brasil ;São Paulo Companhia Editora Nacional 1936;981(082.1) BRASI BRASI;2
Calógeras, João Pandiá,;Estudos historicos e politicos ;São Paulo Companhia Editora Nacional 1936;981(082.1) BRASI BRASI 2.ED.;2
Magalhães, Bruno de Almeida,;Arthur Bernardes ;Rio de Janeiro Livraria José Olympio Editora 1973;981(082.1) DOCUM-BR DOCUM V.159;2
Ellis Junior, Alfredo,;Os primeiros troncos paulistas e o cruzamento euro-americano ;São Paulo Companhia Editora Nacional 1936;981(082.1) BRASI BRASI;2
Lima, Augusto Saboia,;Alberto Torres e sua obra ;São Paulo Companhia Editora Nacional 1935;981(082.1) BRASI BRASI;2
Mendonça, Renato,;A influência africana no português do Brasil ;São Paulo Companhia Editora Nacional 1935;981(082.1) BRASI BRASI 2.ED.;2
Dornas Filho, João,;Silva Jardim ;São Paulo Companhia Editora Nacional 1936;981(082.1) BRASI BRASI;2
Maia, João do Prado,;Através da historia naval brasileira ;São Paulo Companhia Editora Nacional 1936;981(082.1) BRASI BRASI;2
Rondon, Frederico Augusto;Pelo Brasil Central ;São Paulo Nacional 1938;981(082.1) BRASI BRASI 2.ED.;2
Rangel, Alberto,;Rumos e perspectivas ;São Paulo Companhia Editora Nacional 1934;981(082.1) BRASI BRASI 2.ED.;2
Moacyr, Primitivo,;A instrução e o Império ;São Paulo Companhia Editora Nacional 1936-1938;981(082.1) BRASI BRASI;2
Vale, Flausino Rodrigues,;Elementos de folk-lore musical brasileiro ;São Paulo Companhia Editora Nacional 1936;981(082.1) BRASI BRASI;2
Leitão, Candido de Mello,;O Brasil visto pelos ingleses ;São Paulo Companhia Editora Nacional 1937;981(082.1) BRASI BRASI;2
Diniz, Osorio da Rocha,;A politica que convem ao Brasil ;São Paulo Companhia Editora Nacional 1937;981(082.1) BRASI BRASI;2
Carvalho, Orlando Magalhães,;O rio da unidade nacional ;São Paulo Companhia Editora Nacional 1937;981(082.1) BRASI BRASI;2
Leitão, Candido de Mello,;A biologia no Brasil ;São Paulo Companhia Editora Nacional 1937;981(082.1) BRASI BRASI;2
Pinheiro, Aurélio,;A margem do Amazonas ;São Paulo Companhia Editora Nacional 1937;981(082.1) BRASI BRASI;2
Vasconcellos, Salomão de,;O Fico ;São Paulo Companhia Editora Nacional 1937;981(082.1) BRASI BRASI;2
Lobo, Hélio,;Um varão da República ;São Paulo Companhia Editora Nacional 1937;981(082.1) BRASI BRASI;2
Magalhães, Basílio de,;Expansão geographica do Brasil colonial ;São Paulo Companhia Editora Nacional 1935;981(082.1) BRASI BRASI 2.ED.;2
Morais, Raimundo,;Na planície amazônica ;São Paulo Companhia Editora Nacional 1939;981(082.1) BRASI BRASI 5.ED.;2
Pinto, Estevão,;Os indígenas do nordeste ;São Paulo Companhia Editora Nacional 1935-1938;981(082.1) BRASI BRASI;2
Barreiros, Eduardo Canabrava,;Itinerario da independência ;Rio de Janeiro J. Olympio 1972;981(082.1) DOCUM-BR DOCUM V.151;2
Pinho, Wanderley,;Cotegipe e seu tempo ;São Paulo Companhia Editora Nacional 1937;981(082.1) BRASI BRASI;2
Ellis Junior, Alfredo,;A evolução da economia paulista e suas causas ;São Paulo Companhia Editora Nacional 1937;981(082.1) BRASI BRASI;2
Agassiz, Louis,;Viagem ao Brasil ;São Paulo Companhia Editora Nacional 1938;981(082.1) BRASI BRASI;2
Costa, Craveiro,;O visconde de Sinimbu ;São Paulo Companhia Editora Nacional 1937;981(082.1) BRASI BRASI;2
Câmara, Antônio Alves,;Ensaio sobre as construcções navaes indigenas do Brasil ;São Paulo Companhia Editora Nacional 1937;981(082.1) BRASI BRASI 2.ED.;2
Figueiredo, José de Lima,;Oeste paranaense ;São Paulo Companhia Editora Nacional 1937;981(082.1) BRASI BRASI;2
Britto, Lemos,;A gloriosa sotaina do primeiro Imperio ;São Paulo Companhia Editora Nacional 1937;981(082.1) BRASI BRASI;2
Eu, Luis Filipe Maria Fernando Gastão de Orleans,;Viagem militar ao Rio Grande do Sul ;São Paulo Companhia Editora Nacional 1936;981(082.1) BRASI BRASI;2
Franco, Afonso Arinos de Melo,;Conceito de civilisação brasileira ;São Paulo Companhia Editora Nacional 1936;981(082.1) BRASI BRASI;2
Freitas, Octávio de,;Doenças africanas no Brasil ;São Paulo Companhia Editora Nacional 1935;981(082.1) BRASI BRASI;2
Leitão, Candido de Mello,;Visitantes do primeiro Império ;São Paulo Companhia Editora Nacional 1934;981(082.1) BRASI BRASI;2
Roquette-Pinto, E;Ensaios de anthropologia brasiliana ;São Paulo Companhia Editora Nacional 1933;981(082.1) BRASI BRASI;2
Amaral, Azevedo,;O Brasil na crise actual ;São Paulo Companhia Editora Nacional 1934;981(082.1) BRASI BRASI;2
Magalhães, Couto de,;Viagem ao Araguaya ;São Paulo Companhia Editora Nacional 1938;981(082.1) BRASI BRASI 4.ED.;2
Pereira, Baptista,;Pelo Brasil maior ;São Paulo Companhia Editora Nacional 1934;981(082.1) BRASI BRASI;2
Calógeras, João Pandiá,;O marquez de Barbacena ;São Paulo Companhia Editora Nacional 1932;981(082.1) BRASI BRASI;2
Cascudo, Luís da Câmara,;Conde dEu ;São Paulo Companhia Editora Nacional 1933;981(082.1) BRASI BRASI;2
Pedro;Cartas do imperador D Pedro II ao barão de Cotegipe ;São Paulo Companhia Editora Nacional 1933;981(082.1) BRASI BRASI;2
Torres, Alberto,;A organização nacional ;São Paulo Companhia Editora Nacional 1938;981(082.1) BRASI BRASI NOVAED.;2
Moraes Filho, Evaristo de,;A escravidão africana no Brasil ;São Paulo Companhia Editora Nacional 1933;981(082.1) BRASI BRASI;2
Viana, Oliveira,;Raça e assimilação ;São Paulo Companhia editora nacional 1938;981(082.1) BRASI BRASI 3.ED.;2
Calmon, Pedro,;História da civilização brasileira ;São Paulo Companhia Editora Nacional 1937;981(082.1) BRASI BRASI 3.ED.;2
Taunay, Alfredo d'Escragnolle Taunay,;Pedro II ;São Paulo Companhia Editora Nacional 1933;981(082.1) BRASI BRASI;2
Barbosa, Rui,;Directrizes de Ruy Barbosa ;São Paulo Companhia Editora Nacional 1938;981(082.1) BRASI BRASI;2
Peregrino, Umberto,;História e projeção das instituições culturais do Exército ;Rio de Janeiro J. Olympio 1967;981(082.1) DOCUM-BR DOCUM V.128;2
Azevedo, Fernando de,;A educação publica em S Paulo ;São Paulo Companhia Editora Nacional 1937;981(082.1) BRASI BRASI;2
Cascudo, Luís da Câmara,;O marquez de Olinda e seu tempo ;São Paulo Companhia Editora Nacional 1938;981(082.1) BRASI BRASI;2
Rodrigues, Nina,;As raças humanas e a responsabilidade penal no Brasil ;São Paulo Companhia Editora Nacional 1938;981(082.1) BRASI BRASI 3.ED.;2
Vieira, Antonio,;Por Brasil e Portugal ;São Paulo Companhia Editora Nacional 1938;981(082.1) BRASI BRASI;2
Raeders, Georges,;D Pedro II e o conde de Gobineau ;São Paulo Companhia Editora Nacional 1938;981(082.1) BRASI BRASI;2
Abreu, Sylvio Fróes,;A riqueza mineral do Brasil ;São Paulo Companhia Editora Nacional 1937;981(082.1) BRASI BRASI;2
Freitas, Affonso Antonio de,;Vocabulario Nheengatú ;São Paulo Companhia Editora Nacional 1936;981(082.1) BRASI BRASI;2
Leite, Serafim,;Páginas de história do Brasil ;São Paulo Companhia Editora Nacional 1937;981(082.1) BRASI BRASI;2
Bastos, A C Tavares;A provincia ;São Paulo Companhia Editora Nacional 1937;981(082.1) BRASI BRASI 2.ED.;2
Carneiro, Edison,;Os mitos africanos no Brasil ;São Paulo Companhia Editora Nacional 1937;981(082.1) BRASI BRASI;2
Baldus, Herbert,;Ensaios de etnologia brasileira ;São Paulo Companhia Editora Nacional 1937;981(082.1) BRASI BRASI;2
Bastos, A C Tavares;O valle do Amazonas ;São Paulo Companhia Editora Nacional 1937;981(082.1) BRASI BRASI 2.ED.;2
Luís, Washington,;Capitania de São Paulo ;São Paulo Companhia Editora Nacional 1938;981(082.1) BRASI BRASI 2.ED.;2
Castro, Nei Leandro de,;Universo e vocabulário do Grande Sertão ;Rio de Janeiro Livraria José Olympio Editora 1970;981(082.1) DOCUM-BR DOCUM V.144;2
Miranda, Agenor Augusto de,;Estudos piauienses ;São Paulo Companhia Editora Nacional 1938;981(082.1) BRASI BRASI;2
Accioly, Hildebrando,;Limites do Brasil ;São Paulo Companhia Editora Nacional 1938;981(082.1) BRASI BRASI;2
Calmon, Pedro,;O rei filosofo ;São Paulo Companhia Editora Nacional 1939;981(082.1) BRASI BRASI 2.ED;2
Dornas Filho, João,;O padroado e a igreja brasileira ;São Paulo Companhia Editora Nacional 1938;981(082.1) BRASI BRASI;2
Ennes, Ernesto,;As guerras nos Palmares ;São Paulo Companhia Editora Nacional 1938-;981(082.1) BRASI BRASI;2
Jacobina, Alberto Pizarro;Dias Carneiro ;São Paulo Companhia Editora Nacional 1938;981(082.1) BRASI BRASI V.135;2
Mennucci, Sud,;O precursor do abolicionismo no Brasil ;São Paulo Companhia Editora Nacional 1938;981(082.1) BRASI BRASI;2
Lyra, Heitor,;História de Dom Pedro II, 1825-1891 ;São Paulo Companhia Editora Nacional 1938-1940;981(082.1) BRASI BRASI;2
Pagano, Sebastião,;O conde dos Arcos e a Revolução de 1817 ;São Paulo Companhia Editora Nacional 1938;981(082.1) BRASI BRASI;2
Peixoto, Afrânio,;Clima e saúde ;São Paulo Companhia Editora Nacional 1938;981(082.1) BRASI BRASI;2
Rondon, Frederico Augusto;Na Rondônia ocidental ;São Paulo Companhia Editora Nacional 1938;981(082.1) BRASI BRASI;2
Medeiros, Fernando Saboia de,;A liberdade de navegação do Amazonas ;São Paulo Ed. Nacional 1938;981(082.1) BRASI BRASI;2
Saint-Hilaire, Auguste de,;Viagem pelas provincias de Rio de Janeiro e Minas Geraes ;São Paulo Companhia Editora Nacional 1938;981(082.1) BRASI BRASI;2
Magalhães, Amilcar Armando Botelho de,;Pelos sertões do Brasil ;São Paulo Companhia Editora Nacional 1941;981(082.1) BRASI BRASI 2.ED.;2
Burton, Richard Francis,;Viagens aos planaltos do Brasil, 1868 ;São Paulo Ed. Nacional 1941-;981(082.1) BRASI BRASI;2
Calmon, Pedro,;A princesa Isabel ;São Paulo Companhia Editora Nacional 1941;981(082.1) BRASI BRASI;2
Prado, J F de Almeida;Pernambuco e as capitanias do Norte do Brasil ;São Paulo Companhia Editora Nacional 1939-1942;981(082.1) BRASI BRASI;2
Carvajal, Gaspar de,;Descobrimentos do rio das Amazonas ;São Paulo Companhia Editora Nacional 1941;981(082.1) BRASI BRASI;2
Coudreau, Henri,;Viagem ao Tapajós ;São Paulo Companhia Editora Nacional [1941?];981(082.1) BRASI BRASI;2
Sousa, Gabriel Soares de,;Tratado descriptivo do Brasil em 1587 ;São Paulo Companhia Editora Nacional 1938;981(082.1) BRASI BRASI 3.ED.;2
Spix, Johann Baptist von,;Atraves da Bahia ;São Paulo Companhia Editora Nacional 1938;981(082.1) BRASI BRASI 3.ED.;2
Ellis Junior, Alfredo,;Capitulos da historia social de S Paulo ;São Paulo Companhia Editora Nacional 1944;981(082.1) BRASI BRASI;2
Ellis Junior, Alfredo,;Feijó e a primeira metade do seculo XIX ;São Paulo Companhia Editora Nacional 1940;981(082.1) BRASI BRASI;2
Faria, Julio Cézar de,;Jose Bonifacio ;São Paulo Companhia Editora Nacional 1944;981(082.1) BRASI BRASI;2
Lubambo, Manoel,;Capitães e grandeza nacional ;São Paulo Companhia Editora Nacional 1940;981(082.1) BRASI BRASI;2
Gardner, George,;Viagens no Brasil ;São Paulo Companhia Editora Nacional 1942;981(082.1) BRASI BRASI;2
Hartt, Charles Frederick,;Geologia e geografia fisica do Brasil ;São Paulo Companhia Editora Nacional 1941;981(082.1) BRASI BRASI;2
Kidder, Daniel P;O Brasil e os brasileiros ;São Paulo Companhia Editora Nacional 1941;981(082.1) BRASI BRASI;2
Koster, Henry,;Viagens ao Nordeste do Brasil ;São Paulo Companhia Editora Nacional 1942;981(082.1) BRASI BRASI;2
Leclerc, Max,;Cartas do Brasil ;São Paulo Companhia Editora Nacional 1942;981(082.1) BRASI BRASI;2
Leite, Serafim,;Novas cartas jesuíticas ;São Paulo Companhia Editora Nacional 1940;981(082.1) BRASI BRASI;2
Lobo, Hélio,;O pan-americanismo e o Brasil ;São Paulo Companhia Editora Nacional 1939;981(082.1) BRASI BRASI;2
Calmon, Pedro,;Vida de D Pedro I ;São Paulo Companhia Editora Nacional 1943;981(082.1) BRASI BRASI 2.ED.;2
Dodt, Gustavo Luis Guilherme,;Descripção dos rios Parnahyba e Gurupy ;São Paulo Companhia Editora Nacional 1939;981(082.1) BRASI BRASI;2
Magalhães, Basílio de,;O café ;São Paulo Companhia Editora Nacional 1939;981(082.1) BRAS BRASI 2.ED.;2
Magalhães, Basílio de,;Estudos de história do Brasil ;São Paulo Companhia Editora Nacional 1940;981(082.1) BRASI BRASI;2
Martius, Karl Friedrich Philipp von,;Natureza, doenças, medicina e remedios dos indios brasileiros ;São Paulo Companhia Editora Nacional 1939;981(082.1) BRASI BRASI;2
Mello, Felix Cavalcanti de Albuquerque,;Memórias de um Cavalcanti ;São Paulo Companhia Editora Nacional 1940;981(082.1) BRASI BRASI;2
Leitão, Candido de Mello,;Historia das expedições cientificas no Brasil ;São Paulo Ed. Nacional 1941;981(082.1) BRASI BRASI;2
Napoleão, Aluizio,;Santos-Dumont e a conquista do ar ;São Paulo Companhia Editora Nacional 1957;981(082.1) BRASI BRASI 2.ED.;2
Netscher, Pieter Marinus,;Os holandeses no Brasil ;São Paulo Companhia Editora Nacional 1942;981(082.1) BRASI BRASI;2
Rodrigues, Nina,;O alienado no direito civil brasileiro ;São Paulo Companhia Editora Nacional 1939;981(082.1) BRASI BRASI 3.ED.;2
Cruls, Gastão,;A Amazonia que eu vi ;São Paulo Companhia Editora Nacional 1938;981(082.1) BRASI BRASI 2.ED.;2
Costa, Angyone,;Migrações e cultura indigena ;São Paulo Companhia Editora Nacional 1939;981(082.1) BRASI BRASI;2
Corrêa Filho, Virgilio,;Alexandre Rodrigues Ferreira ;São Paulo Companhia Editora Nacional 1939;981(082.1) BRASI BRASI V.144 EX.2;2
Ramos, Arthur,;A aculturação negra no Brasil ;São Paulo Companhia Editora Nacional 1942;981(082.1) BRASI BRASI;2
Ramos, Arthur,;As culturas negras no novo mundo ;São Paulo Companhia Editora Nacional 1946;981(082.1) BRASI BRASI 2.ED.;2
Rubim, Flavio Rezende,;Reservas de brasilidade ;São Paulo Companhia Editora Nacional 1939;981(082.1) BRASI BRASI;2
Rubens, Carlos,;Pequena história das artes plásticas no Brasil ;São Paulo Companhia Editora Nacional 1941;981(082.1) BRASI BRASI;2
Saint-Hilaire, Auguste de,;Viagem ao Rio Grande do Sul, 1820-1821 ;São Paulo Companhia Editora Nacional 1939;981(082.1) BRASI BRASI V.167 2.ED.;2
Saint-Hilaire, Auguste de,;Viagens pelo distrito dos diamantes e litoral do Brasil ;São Paulo Companhia Editora Nacional 1941;981(082.1) BRASI BRASI;2
Lima, Hermes,;Tobias Barreto ;São Paulo Companhia Editora Nacional 1939;981(082.1) BRASI BRASI;2
Nash, Roy;A conquista do Brasil ;São Paulo Companhia Editora Nacional 1939;981(082.1) BRASI BRASI;2
Rocha, Geraldo,;O rio São Francisco ;São Paulo Ed. Nacional 1946;981(082.1) BRASI BRASI 2.ED.;2
Schmidt, Afonso,;A vida de Paulo Eiro ;São Paulo Companhia Editora Nacional 1940;981(082.1) BRASI BRASI;2
Silveira Netto,;Do Guairá aos saltos do Iguassú ;São Paulo Companhia Editora Nacional 1939;981(082.1) BRASI BRASI 2.ED;2
Watjen, Hermann,;O dominio colonial hollandez no Brasil ;São Paulo Ed. Nacional 1938;981(082.1) BRASI BRASI;2
Matos, Mario,;Machado de Assis ;São Paulo Companhia Editora Nacional 1939;981(082.1) BRASI BRASI;2
Melo, Custódio José de,;O governo provisório e a revolução de 1893 ;São Paulo Ed. Nacional 1938;981(082.1) BRASI BRASI;2
Pires, Aurélio,;Homens e factos de meu tempo ;São Paulo Companhia Editora Nacional 1939;981(082.1) BRASI BRASI;2
Bastos, A C Tavares;Cartas do solitario ;São Paulo Companhia Editora Nacional 1938;981(082.1) BRASI BRASI 3.ED.;2
Bastos, A C Tavares;Os males do presente e as esperanças do futuro ;São Paulo Companhia Editora Nacional 1939;981(082.1) BRASI BRASI;2
Venancio Filho, Francisco,;Euclydes da Cunha a seus amigos ;São Paulo Companhia Editora Nacional 1938;981(082.1) BRASI BRASI;2
Schmidt, Wilhelm,;Ethnologia sul-americana ;São Paulo Companhia Editora Nacional 1942;981(082.1) BRASI BRASI;2
Seidler, Carl;Historia das guerras e revoluções do Brasil de 1825 a 1835 ;São Paulo Companhai Editora Nacional 1939;981(082.1) BRASI BRASI;2
Sousa, Bernardino José de,;Dicionário da terra e da gente do Brasil ;São Paulo Companhia Editora Nacional 1939;981(082.1) BRASI BRASI V.164 4.ED.;2
Sousa, Bernardino José de,;O pau-brasil na história nacional ;São Paulo Companhia Editora nacional 1939;981(082.1) BRASI BRASI;2
Spalding, Walter,;A invasão paraguaia no Brasil ;São Paulo Companhia Editora Nacional 1940;981(082.1) BRASI BRASI;2
Spalding, Walter,;A revolução farroupilha ;São Paulo Companhia Editora Nacional 1939;981(082.1) BRASI BRASI;2
Sousa, Octávio Tarquínio de,;Evaristo da Veiga ;São Paulo Companhia Editora Nacional 1939;981(082.1) BRASI BRASI;2
Venancio Filho, Francisco,;A glória de Euclydes da Cunha ;São Paulo Companhia Editora Nacional 1940;981(082.1) BRASI BRASI;2
Vianna, Helio,;Estudos de história colonial ;São Paulo Companhia Editora Nacional 1948;981(082.1) BRASI BRASI V.261;2
Vieira, Hermes,;Ouro Preto ;São Paulo Companhia Editora Nacional 1949;981(082.1) BRASI BRASI;2
Carnaxide, Antonio Baptista de Souza,;O Brasil na administração pombalina ;São Paulo Companhia Editora Nacional 1940;981(082.1) BRASI BRASI;2
Franco, Francisco de Assis Carvalho,;Bandeiras e bandeirantes de São Paulo ;São Paulo Companhia Editora Nacional 1940;981(082.1) BRASI BRASI;2
Moacyr, Primitivo,;A instrução pública no Estado de São Paulo ;São Paulo Companhia Editora Nacional 1942;981(082.1) BRASI BRASI;2
Mota, Otoniel,;Do rancho ao palacio ;São Paulo Companhia Editora Nacional 1941;981(082.1) BRASI BRASI;2
Neiva, Artur,;Estudos da lingua nacional ;São Paulo Companhia Editora Nacional 1940;981(082.1) BRASI BRASI;2
Roquette-Pinto, E;Ensaios brasilianos ;São Paulo Companhia Editora Nacional 1940;981(082.1) BRASI BRASI;2
Sanches, Edgard,;Lingua brasileira ;São Paulo Companhia Editora Nacional 1940-;981(082.1) BRASI BRASI;2
Willems, Emilio,;Assimilação e populações marginais no Brasil ;São Paulo Companhia Editora Nacional 1940;981(082.1) BRASI BRASI;2
Mattos, Aníbal,;Peter Wilhelm Lund no Brasil ;São Paulo Companhia Editora Nacional 1939;981(082.1) BRASI BRASI;2
Mattos, Aníbal,;Prehistoria brasileira ;São Paulo Companhia Editora Nacional 1938;981(082.1) BRASI BRASI;2
Sodré, Nelson Werneck,;Panorama do Segundo Império ;São Paulo Companhia Ediotra Nacional 1939;981(082.1) BRASI BRASI;2
Bates, Henry Walter,;O naturalista no rio Amazonas ;São Paulo Companhia Editora Nacional 1944;981(082.1) BRASI BRASI;2
Crespo, Ataliba Vianna;Gente sem raça ;São Paulo Companhia Editora Nacional 1944;981(082.1) BRASI BRASI;2
Thevet, André,;Singularidades da França Antarctica, a que outros chamam de América ;São Paulo Companhia Editora Nacional 1944;981(082.1) BRASI BRASI;2
Oliveira, Albino José Barboza de,;Memórias de um magistrado do Império ;São Paulo Companhia Editora Nacional 1943;981(082.1) BRASI BRASI;2
Lavradio, José Maria do Espírito Santo de Almeida Correia de Sá,;Vice-reinado de D Luiz dAlmeida Portugal ;São Paulo Companhia Editora Nacional 1942;981(082.1) BRASI BRASI;2
Mauá, Irineu Evangelista de Sousa,;Correspondência política de Mauá no Rio da Prata, 1850-1885 ;São Paulo Comapnhia Editora Nacional 1943;981(082.1) BRASI BRASI;2
Goycochêa, Castilhos,;Fronteiras e fronteiros ;São Paulo Companhia Editora Nacional 1943;981(082.1) BRASI BRASI;2
Eschwege, Wilhelm Ludwig von,;Pluto brasiliensis ;São Paulo Companhia Editora Nacional 1944;981(082.1) BRASI BRASI;2
Pires, Vicente Ferreira;Viagem de áfrica em o reino de Dahomé ;São Paulo Companhia Editora Nacional 1957;981(082.1) BRASI BRASI;2
Comissão Exploradora do Planalto Central do Brasil;Relatório da Comissão Exploradora do Planalto Central do Brasil ;São Paulo Companhia Editora Nacional 1947;981(082.1) BRASI BRASI;2
Biard, François-Auguste,;Dois anos no Brasil ;São Paulo Companhia Editora Nacional 1945;981(082.1) BRASI BRASI V.244;2
Prado, J F de Almeida;A Bahia e as capitanias do centro do Brasil, 1530-1626 ;São Paulo Companhia Editora Nacional 1945-;981(082.1) BRASI BRASI;2
Jobim, Anísio,;O Amazonas ;São Paulo Companhia Editora Nacional 1957;981(082.1) BRASI BRASI;2
Mendonça, Carlos Sussekind de,;Silvio Romero ;São Paulo Companhia Editora Nacional 1938;981(082.1) BRASI BRASI;2
Moacyr, Primitivo,;A instrução e as provincias ;São Paulo Companhia Editora Nacional 1939-1940;981(082.1) BRASI BRASI;2
Marchant, Alexander,;Do escambo a escravidão ;São Paulo Companhia Editora Nacional 1943;981(082.1) BRASI BRASI;2
Ferreira, Tito Livio,;Gênese social da gente bandeirante ;São Paulo Companhia Ediotra Nacional 1944;981(082.1) BRASI BRASI;2
Ruy, Affonso,;A Primeira revolução social brasileira, 1798 ;São Paulo Companhia Editora Nacional 1942;981(082.1) BRASI BRASI;2
Diniz, Osorio da Rocha,;O Brasil em face dos imperialismos modernos ;São Paulo Companhia Editora Nacional 1940;981(082.1) BRASI BRASI;2
Ennes, Ernesto,;Estudos sobre historia do Brasil ;São Paulo Companhia Editora Nacional 1947;981(082.1) BRASI BRASI;2
Taunay, Affonso de Escragnolle,;Rio de Janeiro de antanho ;São Paulo Companhia Editora Nacional 1942;981(082.1) BRASI BRASI;2
Menezes, Antonio Inacio de,;Flora da Bahia ;São Paulo Companhia Editora Nacional 1949;981(082.1) BRASI BRASI;2
Freitas, Caio de,;George Canning e o Brasil ;São Paulo Companhia Editora Nacional 1958;981(082.1) BRASI BRASI;2
Vieira, Hermes,;História da polícia civil de São Paulo ;São Paulo Companhia Editora Nacional 1955;981(082.1) BRASI BRASI;2
Calmon, Pedro,;O Rei do Brasil ;São Paulo Companhia Editora Nacional 1943;981(082.1) BRASI BRASI 2.ED.;2
Carneiro, David,;Historia da Guerra Cisplatina ;São Paulo Companhia Editora Nacional 1946;981(082.1) BRASI BRASI;2
Lima, Cláudio de Araújo,;Plácido de Castro ;São Paulo Editora Nacional 1952;981(082.1) BRASI BRASI;2
Magalhães, Amilcar Armando Botelho de,;Impressões da Commissão Rondon ;São Paulo Companhia Editora Nacional 1942;981(082.1) BRASI BRASI 5.ED.;2
Caiuby, Amando,;O patriarca ;São Paulo Companhia Ediotra Nacional 1949;981(082.1) BRASI BRASI;2
Ennes, Ernesto,;Dois paulistas insignes ;São Paulo Ed. Nacional 1944-1952;981(082.1) BRASI BRASI;2
Almeida, Tito Franco de,;O conselheiro Francisco Jose Furtado ;São Paulo Companhia Editora Nacional 1944;981(082.1) BRASI BRASI;2
Willems, Emilio,;A aculturação dos alemães no Brasil ;São Paulo Companhia Editora Nacional 1946;981(082.1) BRASI BRASI;2
Lecointe, Paul,;Árvores e plantas úteis ;São Paulo Companhia Editora Nacional 1947;981(082.1) BRASI BRASI 2.ED.;2
Lessa, Clado Ribeiro de,;Vocabulario de caça ;São Paulo Companhia Editora Nacional 1944;981(082.1) BRASI BRASI;2
Roosevelt, Theodore,;Através do sertão do Brasil ;São Paulo Companhia Editora Nacional 1944;981(082.1) BRASI BRASI;2
Castro, Eugénio de,;Ensaios de geographia linguistica ;São Paulo Companhia Editora Nacional 1941;981(082.1) BRASI BRASI 2.ED.;2
Sampaio, Alberto José de,;A alimentação sertaneja e do interior da Amazônia ;São Paulo Companhia Editora Nacional 1944;981(082.1) BRASI BRASI;2
Santos, Milton,;Zona do cacau ;São Paulo Companhia Editora Nacional 1957;981(082.1) BRASI BRASI 2.ED.;2
Prado, J F de Almeida;A conquista da Paraíba, séculos XVI a XVIII ;São Paulo Companhia Editora Nacional 1964;981(082.1) BRASI BRASI;2
Wolf, Ferdinand Joseph,;O Brasil literário ;São Paulo Companhia Editora Nacional 1955;981(082.1) BRASI BRASI;2
Craig, Neville B,;Estrada de Ferro Madeira-Mamoré ;São Paulo Companhia Editora Nacional 1947;981(082.1) BRASI BRASI;2
Palazzolo, Jacinto de,;Nas selvas dos Vales do Mucuri e do Rio Doce ;São Paulo Companhia Editora Nacional 1954;981(082.1) BRASI BRASI 2.ED.;2
Araújo, Alceu Maynard,;Medicina rústica ;São Paulo Companhia Editora Nacional 1961;981(082.1) BRASI BRASI;2
Borba Filho, Hermilo,;Fisionomia e espírito do mamulengo ;São Paulo Companhia Editora Nacional 1966;981(082.1) BRASI BRASI;2
Bastos, A C Tavares;O Vale do Amazonas ;São Paulo Companhia Editora Nacional 1975;981(082.1) BRASI BRASI V.106 3.ED.;2
Souza, José Antonio Soares de,;A vida do Visconde do Uruguai ;São Paulo Companhia Editora Nacional 1944;981(082.1) BRASI BRASI;2
Hoehne, F C;Botânica e agricultura no Brasil no século XVI ;São Paulo Companhia Editora Nacional 1937;981(082.1) BRASI BRASI;2
Silva, José Bonifácio de Andrada e,;O patriarcha da independencia ;São Paulo Companhia Editora Nacional 1939;981(082.1) BRASI BRASI;2
Amaral, Luís,;Historia geral da agricultura brasileira ;São Paulo Companhia Editora Nacional 1939-1940;981(082.1) BRASI BRASI;2
Caldeira, Clovis de Sousa,;Mutirão ;São Paulo Companhia Editora Nacional 1956;981(082.1) BRASI BRASI;2
Viana, Oliveira,;O idealismo da constituição ;São Paulo Companhia Editora Nacional 1939;981(082.1) BRASI BRASI 2.ED.;2
Valladão, Alfredo de Vilhena,;Da acclamação a maioridade ;São Paulo Companhia Editora Nacional 1939;981(082.1) BRASI BRASI 2.ED.;2
Viana, Oliveira,;Populações meridionaes do Brasil ;São Paulo Nacional 1933-;981(082.1) BRASI BRASI 3.ED.;2
Simonsen, Roberto,;Historia economica do Brasil, 1500 - 1820 ;São Paulo Companhia Editora Nacional 1944;981(082.1) BRASI BRASI 2.ED.;2
Prado, J F de Almeida;História da formação da sociedade brasileira ;São Paulo Companhia Editora Nacional 1961;981(082.1) BRASI BRASI;2
Lyra, Heitor,;História da queda do Império ;São Paulo Companhia Editora Nacional 1964;981(082.1) BRASI BRASI;2
Octavio, Rodrigo,;Os selvagens americanos perante o direito ;São Paulo Companhia Editora Nacional 1946;981(082.1) BRASI BRASI;2
Dornas Filho, João,;O ouro das gerais e a civilização da capitania ;São Paulo Companhia Editora Nacional 1957;981(082.1) BRASI BRASI;2
Mendonça, Renato,;Um diplomata na corte de Inglaterra ;São Paulo Companhia Editora Nacional 1942;981(082.1) BRASI BRASI;2
Lins, Ivan Monteiro de Barros,;História do positivismo no Brasil ;São Paulo Companhia Editora Nacional 1964;981(082.1) BRASI BRASI;2
Azevedo, Aroldo de,;Cochranes do Brasil ;São Paulo Companhia Editora Nacional 1965;981(082.1) BRASI BRASI;2
Vita, Luís Washington,;Alberto Sales ;São Paulo Companhia Editora Nacional 1965;981(082.1) BRASI BRASI;2
Pedro;Correspondência entre D Pedro II e o Barão do Rio Branco ;São Paulo Companhia Editora Nacional 1957;981(082.1) BRASI BRASI;2
Carvalho, Orlando Magalhães,;Problemas fundamentaes do municipio ;São Paulo Companhia Editora Nacional 1937;981(082.1) BRASI BRASI;2
Calmon, Pedro,;História de D Pedro II ;Rio de Janeiro Livraira José Olympio 1975;981(082.1) DOCUM-BR DOCUM V.165-B T.3;2
Franco, Afonso Arinos de Melo,;Rodrigues Alves ;Rio de Janeiro J. Olympio 1973;981(082.1) DOCUM-BR DOCUM V.155;2
Magalhães, Bruno de Almeida,;O visconde de Abaeté ;São Paulo Companhia Editora Nacional 1939;981(082.1) BRASI BRASI;2
Rodrigues, José Honório,;Teoria da história do Brasil ;São Paulo Ed. Nacional 1957;981(082.1) BRASI-G BRASI 2.ED.;2
Lecointe, Paul,;O estado do Pará ;São Paulo Ed. Nacional 1945;981(082.1) BRASI G BRASI;2
Prado, J F de Almeida;Tomas Ender ;São Paulo Ed. Nacional 1955;981(082.1) BRASI G BRASI V.7;2
Callcott, Maria,;Diário de uma viagem ao Brasil e de uma estada nesse país durante parte dos anos de 1821, 1822 e 1;São Paulo Ed. Nacional 1956;981(082.1) BRASI-G BRASI;2
Sousa, Bernardino José de,;Ciclo do carro de bois no Brasil ;São Paulo Ed. Nacional 1958;981(082.1) BRASI G BRASI V.15;2
;A cidade de São Paulo ;São Paulo Ed. Nacional 1958;981(082.1) BRASI-G BRASI;2
Pontes, Carlos;Tavares Bastos ;São Paulo Companhia Editora Nacional 1939;981(082.1) BRASI BRASI;2
Carvalho, Antônio Gontijo de,;Calogeras ;São Paulo Companhia Editora Nacional 1935;981(082.1) BRASI BRASI;2
Baldus, Herbert,;Tapirapé ;São Paulo Ed. Nacional 1970;981(082.1) BRASI G BRASI;2
Calógeras, João Pandiá,;A política monetária do Brasil ;São Paulo Ed. Nacional 1960;981(082.1) BRASI-G BRASI;2
Rizzini, Carlos,;Hipólito da Costa e o Correio Braziliense ;São Paulo Ed. Nacional 1957;981(082.1) BRASI-G BRASI;2
Magalhães Júnior, R;Três panfletários do Segundo Reinado ;São Paulo Companhia Editora Nacional 1956;981(082.1) BRASI BRASI;2
Gentil, Alcides;As idéas de Alberto Torres ;São Paulo Companhia Editora Nacional 1938;981(082.1) BRASI BRASI 2.ED.;2
Magalhães Júnior, R;Deodoro ;São Paulo Ed. Nacional 1957;981(082.1) BRASI-G BRASI;2
Calmon, Pedro,;História social do Brasil ;São Paulo Ed. Nacional 1935-1940;981(082.1) BRASI BRASI;2
Montello, Josué,;Aluisio Azevedo e a polêmica dO Mulato ;Brasília Instituto Nacional do Livro 1975;981(082.1) DOCUM-BR DOCUM V.167;2
Santos Filho, Lycurgo de Castro,;Uma comunidade rural do Brasil antigo ;São Paulo Ed. Nacional 1956;981(082.1) BRASI-G BRASI;2
Leitão, Candido de Mello,;Zoogeografia do Brasil ;São Paulo Ed. Nacional 1947;981(082.1) BRASI BRASI 2.ED.;2
Freyre, Gilberto,;Ingleses no Brasil ;Rio de Janeiro J. Olympio 1948;981(082.1) DOCUM-BR DOCUM V.58;2
Cunha, Euclides da,;Perú versus Bolivia ;Rio de Janeiro Livraria José Olympio Editora 1939;981(082.1) DOCUM-BR DOCUM 2.ED. V.17;2
Freyre, Gilberto,;Interpretação do Brasil ;Rio de Janeiro J. Olympio 1947;981(082.1) DOCUM-BR DOCUM V.56;2
Sousa, Octávio Tarquínio de,;José Bonifácio ;Rio de Janeiro J. Olympio 1972;981(082.1) DOCUM-BR DOCUM V.51;2
Pinto, Estevão,;História de uma estrada-de-ferro do Nordeste ;Rio de Janeiro J. Olympio 1949;981(082.1) DOCUM-BR DOCUM V.61;2
Machado, Alcântara,;Brasilio Machado ;Rio de Janeiro Livraria José Olympio Editora 1937;981(082.1) DOCUM-BR DOCUM V.9;2
Câmara, José Aurélio Saraiva,;Capistrano de Abreu ;Rio de Janeiro Livraria José Olympio Editora 1969;981(082.1) DOCUM-BR DOCUM V.136;2
Ornellas, Manoelito de,;Gaúchos e beduínos ;Rio de Janeiro J. Olympio 1956;981(082.1) DOCUM-BR DOCUM 2.ED. V.57;2
Delgado, Luíz,;Rui Barbosa ;Rio de Janeiro J. Olympio 1945;981(082.1) DOCUM-BR DOCUM V.48;2
Rezende, Francisco de Paula Ferreira de,;Minhas recordações ;Rio de Janeiro J. Olympio 1944;981(082.1) DOCUM-BR DOCUM V.45;2
Azevedo, Octávio d',;Vicente de Carvalho e os poemas e canções ;Rio de Janeiro Livraria José Olympio Editora 1970;981(082.1) DOCUM-BR DOCUM V.142;2
Motta Filho, Candido,;A vida de Eduardo Prado ;Rio de Janeiro José Olympio 1967;981(082.1) DOCUM-BR DOCUM V.129;2
Freyre, Gilberto,;Um engenheiro francês no Brasil ;Rio de Janeiro Livraria José Olympio Editora 1940;981(082.1) DOCUM-BR DOCUM V.26;2
Rabello, Sylvio,;Itinerário de Sylvio Romero ;Rio de Janeiro J. Olympio 1944;981(082.1) DOCUM-BR DOCUM V.43;2
Maria Regina do Santo Rosário,;O Cardeal Leme, 1882-1942 ;Rio de Janeiro J. Olympio 1962;981(082.1) DOCUM-BR DOCUM V.113;2
Taunay, Affonso de Escragnolle,;A grande vida de Fernão Dias Pais ;Rio de Janeiro J. Olympio 1955;981(082.1) DOCUM-BR DOCUM V.83;2
Mello, José Antonio Gonsalves de,;Tempo dos flamengos ;Rio de Janeiro J. Olympio 1947;981(082.1) DOCUM-BR DOCUM V.54;2
Romero, Sílvio,;Folclore brasileiro ;Rio de Janeiro J. Olympio 1954;981(082.1) DOCUM-BR DOCUM V.75;2
Bruno, Ernani Silva,;História e tradições da cidade de São Paulo ;Rio de Janeiro J. Olympio 1953-1954;981(082.1) DOCUM-BR DOCUM V.80;2
Barbosa, Francisco de Assis,;A vida de Lima Barreto  1881-1922 ;Rio de Janeiro J. Olympio 1952;981(082.1) DOCUM-BR DOCUM V.70;2
Santos, José Maria dos,;Bernardino de Campos e o Partido Republicano Paulista ;Rio de Janeiro J. Olympio 1960;981(082.1) DOCUM-BR DOCUM V.105;2
Moraes, Emanuel de,;Manuel bandeira ;Rio de Janeiro J. Olympio 1962;981(082.1) DOCUM-BR DOCUM V.115;2
Freyre, Gilberto,;Perfil de Euclydes e outros perfis ;Rio de Janeiro J. Olympio 1944;981(082.1) DOCUM-BR DOCUM V.41;2
Sousa, Octávio Tarquínio de,;Diogo Antonio Feijó ;Rio de Janeiro J. Olympio 1942;981(082.1) DOCUM-BR DOCUM V.35;2
Nabuco, Joaquim,;Minha formação ;Rio de Janeiro J. Olympio 1957;981(082.1) DOCUM-BR DOCUM V.90;2
Rebouças, André,;Diário e notas autobiográficas ;Rio de Janeiro Livraria José Olympio Editora 1938;981(082.1) DOCUM-BR DOCUM V.12;2
Rabello, Sylvio,;Farias Brito, ou, Uma aventura do espirito ;Rio de Janeiro Livraria José Olympio Editora 1941;981(082.1) DOCUM-BR DOCUM V.30;2
Lins, Álvaro,;Rio-Branco ;Rio de Janeiro J. Olympio 1945;981(082.1) DOCUM-BR DOCUM V.50;2
Pontes, Eloy,;A vida exuberante de Olavo Bilac ;Rio de Janeiro J. Olympio 1944;981(082.1) DOCUM-BR DOCUM V.38-A;2
Pontes, Eloy,;A vida contradictoria de Machado de Assis ;Rio de Janeiro Livraria José Olympio Editora 1939;981(082.1) DOCUM-BR DOCUM V.21;2
Pontes, Eloy,;A vida dramática de Euclydes da Cunha ;Rio de Janeiro Livraria José Olympio Editora 1938;981(082.1) DOCUM-BR DOCUM V.13;2
Veríssimo, Ignácio José,;André Rebouças através de sua auto-biografia ;Rio de Janeiro Livraria José Olympio Editora 1939;981(082.1) DOCUM-BR DOCUM V.20;2
Cavalcanti, Povina,;Hermes Fontes ;Rio de Janeiro Livr. J. Olympio 1964;981(082.1) DOCUM-BR DOCUM V.119;2
Rio Branco, Raul do,;Reminiscencias do Barão do Rio-Branco ;Rio de Janeiro J. Olympio 1942;981(082.1) DOCUM-BR DOCUM V.32;2
Pereira, Lúcia Miguel,;A vida de Gonçalves Dias ;Rio de Janeiro Livr. A. J. Olympio 1943;981(082.1) DOCUM-BR DOCUM V.37;2
Costa, Cruz,;Contribuição à história das idéias no Brasil ;Rio de Janeiro J. Olympio 1956;981(082.1) DOCUM-BR DOCUM V.86;2
Freyre, Gilberto,;Região e tradição ;Rio de Janeiro Livraria José Olympio Editora 1941;981(082.1) DOCUM-BR DOCUM V.29;2
Torres, João Camilo de Oliveira,;A democracia coroada ;Rio de Janeiro J. Olympio 1957;981(082.1) DOCUM-BR DOCUM V.93;2
Viana Filho, Luiz,;O negro na Bahia ;Rio de Janeiro J. Olympio 1946;981(082.1) DOCUM-BR DOCUM V.55;2
Viana Filho, Luiz,;A Sabinada ;Rio de Janeiro Livraria José Olympio Editora 1938;981(082.1) DOCUM-BR DOCUM V.8;2
Rangel, Alberto,;No rolar do tempo ;Rio de Janeiro Livraria José Olympio Editora 1937;981(082.1) DOCUM-BR DOCUM V.6;2
Coaracy, Vivaldo,;Memórias da cidade do Rio de Janeiro ;Rio de Janeiro J. Olympio 1955;981(082.1) DOCUM-BR DOCUM V.88;2
Proença, Manoel Cavalcanti,;Estudos literários ;Rio de Janeiro J. Olympio 1971;981(082.1) DOCUM-BR DOCUM V.147;2
Ferraz, Alvaro,;A morfologia do homem do Nordeste ;Rio de Janeiro Livraria José Olympio Editora 1939;981(082.1) DOCUM-BR DOCUM V.15;2
Ricardo, Cassiano,;Viagem no tempo e no espaço ;Rio de Janeiro Livraria José Olympio Editora 1970;981(082.1) DOCUM-BR DOCUM V.145;2
Almeida, Aluísio de,;A Revolução Liberal de 1842 ;Rio de Janeiro J. Olympio 1944;981(082.1) DOCUM-BR DOCUM V.46;2
Broca, Brito,;A vida literária no Brasil, 1900 ;Rio de Janeiro J. Olympio 1960;981(082.1) DOCUM-BR DOCUM 2.ED. V.108;2
Menezes, Djacir,;O outro Nordeste ;Rio de Janeiro Livraria José Olympio Editora 1937;981(082.1) DOCUM-BR DOCUM V.5;2
Machado, Luiz Toledo,;António de Alcântara Machado e o modernismo ;Rio de Janeiro J. Olympio 1970;981(082.1) DOCUM-BR DOCUM V.146;2
Renault, Delso,;O Rio antigo nos anúncios de jornais ;Rio de Janeiro Livraria José Olympio Editora 1969;981(082.1) DOCUM-BR DOCUM V.137;2
Teles, Gilberto Mendonça,;Drummond ;Rio de Janeiro Livraria José Olympio Editora 1970;981(082.1) DOCUM-BR DOCUM V.148;2
Coaracy, Vivaldo,;O Rio de Janeiro no século 17 ;Rio de Janeiro J. Olympio 1944;981(082.1) DOCUM-BR DOCUM V.39;2
Cascudo, Luís da Câmara,;Geografia dos mitos brasileiros ;Rio de Janeiro J. Olympio 1947;981(082.1) DOCUM-BR DOCUM V.52;2
Martins, Helcio Andrade,;A Rima na poesia de Carlos Drummond de Andrade ;Rio de Janeiro Livraria José Olympio Editora 1968;981(082.1) DOCUM-BR DOCUM V.130;2
Azevedo, Luiz Heitor Corrêa de,;150 anos de música no Brasil ;Rio de Janeiro J. Olympio 1956;981(082.1) DOCUM-BR DOCUM V.87;2
Garcia, Rodolfo,;Ensaio sobre a história política e administrativa do Brasil ;Rio de Janeiro J. Olympio 1956;981(082.1) DOCUM-BR DOCUM V.84;2
Lima Sobrinho, Barbosa,;A língua portuguêsa e a unidade do Brasil ;Rio de Janeiro J. Olympio 1958;981(082.1) DOCUM-BR DOCUM V.99;2
Romero, Sílvio,;Obra filosófica ;Rio de Janeiro Livraria José Olympio Editora 1969;981(082.1) DOCUM-BR DOCUM V.139;2
Mello, Antônio da Silva,;A alimentação no Brasil ;Rio de Janeiro J. Olympio 1961;981(082.1) DOCUM-BR DOCUM 2.ED. V.109;2
Arroyo, Leonardo,;Igrejas de São Paulo ;Rio de Janeiro J. Olympio 1954;981(082.1) DOCUM-BR DOCUM V.81;2
Sodré, Nelson Werneck,;Oeste ;Rio de Janeiro Livraria José Olympio Editora 1941;981(082.1) DOCUM-BR DOCUM V.31;2
Franco, Afonso Arinos de Melo,;O índio brasileiro e a revolução francesa ;Rio de Janeiro Livraria José Olympio Editora 1937;981(082.1) DOCUM-BR DOCUM V.7;2
Guimarães, Pinheiro,;Um voluntário da pátria ;Rio de Janeiro J. Olympio 1958;981(082.1) DOCUM-BR DOCUM 2.ED. V.94;2
Lima, Oliveira,;Impressões da América Espanhola ;Rio de Janeiro J. Olympio 1953;981(082.1) DOCUM-BR DOCUM V.65;2
Freyre, Gilberto,;O mundo que o português criou ;Rio de Janeiro Livraria José Olympio Editora 1940;981(082.1) DOCUM-BR DOCUM V.28;2
Holanda, Sergio Buarque de,;Visão do paraíso ;Rio de Janeiro J. Olympio 1959;981(082.1) DOCUM-BR DOCUM V.107;2
Ribeiro, Joaquim,;Folklore dos bandeirantes ;Rio de Janeiro J. Olympio 1946;981(082.1) DOCUM-BR DOCUM V.53;2
Candido, Antonio,;Os parceiros do rio bonito ;Rio de Janeiro J. Olympio 1964;981(082.1) DOCUM-BR DOCUM V.118;2
Sodré, Nelson Werneck,;Introdução a revolução brasileira ;Rio de Janeiro J. Olympio 1958;981(082.1) DOCUM-BR DOCUM V.98;2
Sodré, Nelson Werneck,;Formação da sociedade brasileira ;Rio de Janeiro J. Olympio 1944;981(082.1) DOCUM-BR DOCUM V.47;2
Audrin, José M,;Os sertanejos que eu conheci ;Rio de Janeiro J. Olympio 1963;981(082.1) DOCUM-BR DOCUM V.117;2
Calmon, Pedro,;História da literatura bahiana ;Rio de Janeiro J. Olympio 1949;981(082.1) DOCUM-BR DOCUM 2.ED. V.62;2
Travassos, Mário,;Introdução a geografia das comunicações brasileiras ;Rio de Janeiro J. Olympio 1942;981(082.1) DOCUM-BR DOCUM V.33;2
Machado Filho, Aires da Mata,;O negro e o garimpo em Minas Gerais ;Rio de Janeiro J. Olympio 1943;981(082.1) DOCUM-BR DOCUM V.42;2
Cortes, Geraldo de Menezes,;Migração e colonização no Brasil ;Rio de Janeiro J. Olympio 1958;981(082.1) DOCUM-BR DOCUM V.95;2
Sousa, Octávio Tarquínio de,;Historia de dois golpes de Estado ;Rio de Janeiro Livraria José Olympio Editora 1939;981(082.1) DOCUM-BR DOCUM V.18;2
Soares, José Carlos de Macedo,;Fronteiras do Brasil no regime colonial ;Rio de Janeiro J. Olympio 1939;981(082.1) DOCUM-BR DOCUM V.19;2
Azevedo Filho, Leodegário A de;Poesia e estilo de Cecília Meireles ;Rio de Janeiro Livraria José Olympio Editora 1970;981(082.1) DOCUM-BR DOCUM V.149;2
Andrade, Almir de,;Formação da sociologia brasileira ;Rio de Janeiro Livraria José Olympio Editora 1941-;981(082.1) DOCUM-BR DOCUM V.27;2
Cascudo, Luís da Câmara,;Cinco livros do povo ;Rio de Janeiro J. Olympio 1953;981(082.1) DOCUM-BR DOCUM V.72;2
Cascudo, Luís da Câmara,;Geografia do Brasil holandês ;Rio de Janeiro J. Olympio 1956;981(082.1) DOCUM-BR DOCUM V.79;2
Prado, Paulo,;Província & nação paulística ;Rio de Janeiro Livraria José Olympio Editora 1972;981(082.1) DOCUM-BR DOCUM V.152;2
Barbosa, Waldemar de Almeida,;A Câmara dos Deputados e o sistema parlamentar de governo no Brasil ;Brasília Câmara dos Deputados 1977;981(082.1) DOCUM-BR DOCUM V.179;2
Chacon, Vamireh,;Estado e povo no Brasil ;Brasília Câmara dos Deputados 1977;981(082.1) DOCUM-BR DOCUM V.181;2
Barbosa, Waldemar de Almeida,;A Câmara dos Deputados como fator de unidade nacional ;Brasília Câmara dos Deputados 1977;981(082.1) DOCUM-BR DOCUM V.180;2
Prado, J F de Almeida;Jean-Baptiste Debret ;São Paulo Companhia Editora Nacional 1973;981(082.1) BRASI BRASI V.352;2
Peregrino Júnior,;Doença e constituição de Machado de Assis ;Brasília Instituto Nacional do Livro 1976;981(082.1) DOCUM-BR DOCUM V.171;2
Motta Filho, Candido,;Contagem regressiva ;Rio de Janeiro Livraria José Olympio Editora 1972;981(082.1) DOCUM-BR DOCUM V.150;2
Rodrigues, José Honório,;História da história do Brasil ;Brasília INL 1979-1988;981(082.1) BRASI-G BRASI;2
Calógeras, João Pandiá,;As minas do Brasil e sua legislação ;São Paulo Companhia Editora Nacional 1938-;981(082.1) BRASI BRASI 2.ED.;2
Calógeras, João Pandiá,;Problemas de administração ;São Paulo Companhia Editora Nacional 1938;981(082.1) BRASI BRASI 2.ED.;2
Vale, Flausino Rodrigues,;Elementos de folclore musical brasileiro ;São Paulo Companhia Editora Nacional 1978;981(082.1) BRASI BRASI 2.ED.;2
Bello, Julio,;Memórias de um senhor de engenho ;Rio de Janeiro Livraria José Olympio Editora 1938;981(082.1) DOCUM-BR DOCUM V.11;2
Freyre, Gilberto,;O escravo nos anúncios de jornais brasileiros do século XIX ;São Paulo Companhia Editora Nacional 1979;981(082.1) BRASI BRASI 2.ED.;2
;Brasil;Brasília Ministério das Relações Exteriores, GTELB 1979;918.1 BRASI BRASI;2
Pierson, Donald,;Brancos e pretos na Bahia ;São Paulo Companhia Editora Nacional 1945;981(082.1) BRASI BRASI;2
Saint-Hilaire, Auguste de,;Segunda viagem do Rio de Janeiro a Minas Geraes e a São Paulo, 1822 ;São Paulo Companhia Editora Nacional 1938;981(082.1) BRASI BRASI 2.ED.;2
Rodrigues, Nina,;Os africanos no Brasil ;Brasília Universidade de Brasília 1982;981(082.1) BRASI BRASI 6.ED.;2
Burton, Richard Francis,;Viagens aos planaltos do Brasil ;São Paulo Ed. Nacional 1983;981(082.1) BRASI BRASI V.376 T.3;2
Roquette-Pinto, E;Ensaios de antropologia brasiliana ;Brasília Universidade de Brasília 1982;981(082.1) BRASI BRASI 3.ED.;2
Brasil, Cecília de Assis,;Diário de Cecília de Assis Brasil ;Porto Alegre L and Pm 1983;929 BRASI-CA BRASI;2
Torres, Alberto,;O problema nacional brasileiro ;Brasília Universidade de Brasília 1982;981(082.1) BRASI BRASI 4.ED.;2
;Brasília;Rio de Janeiro IBGE 1969;981.74 BRASI BRASI IBGE;2
Barretto, Castro,;Povoamento e população ;Rio de Janeiro J. Olympio 1951;981(082.1) DOCUM-BR DOCUM V.68;2
Accioly, Hildebrando,;O reconhecimento do Brasil pelos Estados Unidos da América ;São Paulo Companhia Editora Nacional 1936;981(082.1) BRASI BRASI;2
Pereira, Lúcia Miguel,;Prosa de ficção de 1870 a 1920 ;Rio de Janeiro J. Olympio 1950;981(082.1) DOCUM-BR DOCUM V.63;2
Ramos, Arthur,;O Negro brasileiro ;São Paulo Companhia Editora Nacional 1940;981(082.1) BRASI BRASI 2.ED.;2
Mendonça, Marcos Carneiro de,;O Marquês de Pombal e o Brasil ;São Paulo Companhia Editora Nacional 1960;981(082.1) BRASI BRASI;2
Normano, J F;Evolução Econômica do Brasil ;São Paulo Companhia Editora Nacional 1939;981(082.1) BRASI BRASI;2
Holanda, Sergio Buarque de,;Caminhos e fronteiras ;Rio de Janeiro J. Olympio 1957;981(082.1) DOCUM-BR DOCUM V.89;2
Travassos, Mário,;Projeção continental do Brasil ;São Paulo Companhia Editora Nacional 1938;981(082.1) BRASI BRASI 3.ED.;2
;Índice da coleção Brasiliana ;Brasília Revista do Livro [1969?];981(082.1) BRASI BRASI INDIC;2
Pinto, Estevão,;Os índigenas do Nordeste ;São Paulo Companhia Editora Nacional 1938-;981(082.1) BRASI BRASI;2
Calógeras, João Pandiá,;A politica exterior do Imperio ;Brasília Camara dos Deputados 1989;981(082.1) BRASI BRASI;2
Fraga, Clementino,;Vida e obra de Osvaldo Cruz ;Brasília Instituto Nacional do Livro 1972;981(082.1) DOCUM-BR DOCUM V.153;2
Moraes, Emanuel de,;Drummond rima Itabira Mundo ;Rio de Janeiro J. Olympio 1972;981(082.1) DOCUM-BR DOCUM V.157;2
Albuquerque, Ulysses Lins de,;Um sertanejo e o sertão ;Brasília Instituto Nacional do Livro 1976;981(082.1) DOCUM-BR DOCUM V.173;2
Barreiros, Eduardo Canabrava,;Roteiro das esmeraldas ;Brasília Instituto Nacional do Livro 1979;981(082.1) DOCUM-BR DOCUM V.188;2
Taunay, Affonso de Escragnolle,;Visitantes do Brasil colonial ;São Paulo Companhia Editora Nacional 1938;981(082.1) BRASI BRASI 2.ED.;2
Cardoso, Vicente Licínio,;A Margem da historia do Brasil ;São Paulo Companhia Editora Nacional 1938;981(082.1) BRASI BRASI V.13 2.ED.;2
Sampaio, Alberto José de,;Phytogeographia do Brasil ;São Paulo Companhia Editora Nacional 1938;981(082.1) BRASI BRASI 2.ED.;2
Bastos, A C Tavares;A província ;Brasília Instituto Nacional do Livro 1975;981(082.1) BRASI BRASI V.105 3.ED.;2
Viana, Oliveira,;Evolução do povo brasileiro ;São Paulo Companhia Editora Nacional 1938;981(082.1) BRASI BRASI 3.ED.;2
Rivasseau, Emilio;A Vida dos indios guaycurus ;São Paulo Companhia Editora Nacional 1941;981(082.1) BRASI BRASI 2.ED.;2
Marroquim, Mário,;A Lingua do nordeste ;São Paulo Companhia Editora Nacional 1945;981(082.1) BRASI BRASI 2.ED.;2
Magalhães, Couto de,;O selvagem ;São Paulo Companhia Editora Nacional 1940;981(082.1) BRASI BRASI 4.ED.;2
Simonsen, Roberto,;Historia economica do brasil, 1500-1820 ;São Paulo Companhia Editora Nacional 1957;981(082.1) BRASI-G BRASI 3.ED.;2
Magalhães, Couto de,;Viagem ao Araguaia ;Brasília Instituto Nacional do Livro 1975;981(082.1) BRASI BRASI 7.ED.;2
Costa, Angyone,;Introdução a arqueologia brasileira ;São Paulo Companhia Editora Nacional 1959;981(082.1) BRASI BRASI 3.ED.;2
Prado, J F de Almeida;Primeiros povoadores do brasil, 1500-1530 ;São Paulo Companhia Editora Nacional 1966;981(082.1) BRASI BRASI 4.ED.;2
Bastos, A C Tavares;Cartas do solitário ;Brasília Instituto Nacional do Livro 1975;981(082.1) BRASI BRASI V.115 4.ED.;2
Duarte, Nestor,;A Ordem privada e a organização politica nacional ;São Paulo Companhia Editora Nacional 1966;981(082.1) BRASI BRASI V.172 2.ED.;2
Métraux, Alfred,;A Religião dos tupinambas e suas relações com a das demais tribos tupi-guaranis ;São Paulo Companhia Editora Nacional 1979;981(082.1) BRASI BRASI V.267 2.ED.;2
Simonsen, Roberto,;História econômica do Brasil, 1500-1820 ;Brasília Instituto Nacional do Livro 1977;981(082.1) BRASI-G BRASI 7.ED.;2
Souto Maior, Armando,;Quebra-quilos ;São Paulo Companhia Editora Nacional 1978;981(082.1) BRASI BRASI V.366 2.ED.;2
Lacombe, Américo Jacobina,;A sombra de Rui Barbosa ;Brasília Instituto Nacional do Livro 1978;981(082.1) BRASI BRASI;2
Iglésias, Francisco de Assis,;Caatingas e chapadões ;São Paulo Companhia Editora Nacional 1958;981(082.1) BRASI BRASI V.271 2.ED.;2
Azevedo, Aroldo de,;Regiões e paisagens do Brasil ;São Paulo Companhia Editora Nacional 1954;981(082.1) BRASI BRASI 2.ED.;2
Magalhães, Basílio de,;Expansão geográfica do Brasil colonial ;Brasília Instituto Nacional do Livro 1978;981(082.1) BRASI BRASI V.45 4.ED.;2
Lima, Heitor,;Historia politico-economica e industrial do Brasil ;São Paulo Companhia Editora Nacional 1976;981(082.1) BRASI BRASI V.347 2.ED.;2
Ellis Junior, Alfredo,;Os primeiros troncos paulistas ;São Paulo Companhia Editora Nacional 1976;981(082.1) BRASI BRASI V.59 2.ED.;2
Cardim, Fernão,;Tratados da terra e gente do Brasil ;São Paulo Nacional 1978;981(082.1) BRASI BRASI V.168 3.ED.;2
Teixeira, José A,;Folclore goiano ;São Paulo Companhia Editora Nacional 1979;981(082.1) BRASI BRASI V.306;2
;O Tempo do nacional-estatismo ;Rio de Janeiro Civilização Brasileira 2003;981.07/.089 BRASI-R BRASI;2
;O tempo do liberalismo excludente ;Rio de Janeiro Civilização Brasileira 2003;981.07/.089 BRASI-R BRASI;2
;O tempo da experiência democrática ;Rio de Janeiro Civilização Brasileira 2003;981.07/.089 BRASI-R BRASI;2
;O tempo da ditadura ;Rio de Janeiro Civilização Brasileira 2003;981.07/.089 BRASI-R BRASI;2
Costa, Craveiro,;A conquista do deserto ocidental ;São Paulo Companhia Editora Nacional 1973;981(082.1) BRASI BRASI V.191 2.ED.;2
;Documentos eletrônicos ;Belo Horizonte Secretaria de Estado de Cultura, Arquivo Público Mineiro 2008;930.25 DOCUM-E DOCUM;2
;Cartas luso-brasileiras 1807-1821 ;São Paulo Companhia Editora Nacional 2008;981(082.1) BRASI BRASI;2
;Brasília aos 50 anos ;Brasília Tema 2010;981.74 BRASI-CA BRASI CIDAD;2
Silva, Maria Beatriz Nizza da,;Bahia, a corte da América ;São Paulo Ed. Nacional 2010;981(082.1) BRASI BRASI;2
;Brasília 50 anos de Ceará ;Brasília Casa do Ceará 2010;929 BRASI-CA BRASI;2
;Brasília 50 anos ;Brasília Ed. Universidade de Brasília 2010;981.74 BRASI-CA BRASI CAPIT;2
Viana Filho, Luiz,;A vida de José de Alencar ;Rio de Janeiro Livraria José Olympio Editora 1979;981(082.1) DOCUM-BR DOCUM 2.ED. V.187;2
;O tempo do nacional-estatismo ;Rio de Janeiro Civilização Brasileira 2019;981.07/.089 BRASI-R BRASI 9.ED.;2
;O tempo do liberalismo oligárquico ;Rio de Janeiro Civilização Brasileira 2018;981.07/.089 BRASI-R BRASI 10.ED.;2
;O tempo do regime autoritário ;Rio de Janeiro Civilização Brasileira 2019;981.07/.089 BRASI-R BRASI 9.ED.;2
